workload,block_req_count,read_block_req_count,write_block_req_count,write_block_req_split,io_request_size_sum,read_io_request_size_sum,write_io_request_size_sum,write_io_request_size_split,page_access_count,read_page_access_count,write_page_access_count,write_page_access_split,seq_count,read_seq_count,write_seq_count,write_seq_split,range,read_range,write_range,misalignment_sum,read_misalignment_sum,write_misalignment_sum,page_working_set_size,read_page_working_set_size,write_page_working_set_size,write_page_working_set_size_split,1_read_page_popularity,5_read_page_popularity,10_read_page_popularity,15_read_page_popularity,20_read_page_popularity,25_read_page_popularity,30_read_page_popularity,35_read_page_popularity,40_read_page_popularity,45_read_page_popularity,50_read_page_popularity,55_read_page_popularity,60_read_page_popularity,65_read_page_popularity,70_read_page_popularity,75_read_page_popularity,80_read_page_popularity,85_read_page_popularity,90_read_page_popularity,95_read_page_popularity,100_read_page_popularity,1_write_page_popularity,5_write_page_popularity,10_write_page_popularity,15_write_page_popularity,20_write_page_popularity,25_write_page_popularity,30_write_page_popularity,35_write_page_popularity,40_write_page_popularity,45_write_page_popularity,50_write_page_popularity,55_write_page_popularity,60_write_page_popularity,65_write_page_popularity,70_write_page_popularity,75_write_page_popularity,80_write_page_popularity,85_write_page_popularity,90_write_page_popularity,95_write_page_popularity,100_write_page_popularity,1_read_block_request_size,5_read_block_request_size,10_read_block_request_size,15_read_block_request_size,20_read_block_request_size,25_read_block_request_size,30_read_block_request_size,35_read_block_request_size,40_read_block_request_size,45_read_block_request_size,50_read_block_request_size,55_read_block_request_size,60_read_block_request_size,65_read_block_request_size,70_read_block_request_size,75_read_block_request_size,80_read_block_request_size,85_read_block_request_size,90_read_block_request_size,95_read_block_request_size,100_read_block_request_size,1_write_block_request_size,5_write_block_request_size,10_write_block_request_size,15_write_block_request_size,20_write_block_request_size,25_write_block_request_size,30_write_block_request_size,35_write_block_request_size,40_write_block_request_size,45_write_block_request_size,50_write_block_request_size,55_write_block_request_size,60_write_block_request_size,65_write_block_request_size,70_write_block_request_size,75_write_block_request_size,80_write_block_request_size,85_write_block_request_size,90_write_block_request_size,95_write_block_request_size,100_write_block_request_size,1_jump_distance,5_jump_distance,10_jump_distance,15_jump_distance,20_jump_distance,25_jump_distance,30_jump_distance,35_jump_distance,40_jump_distance,45_jump_distance,50_jump_distance,55_jump_distance,60_jump_distance,65_jump_distance,70_jump_distance,75_jump_distance,80_jump_distance,85_jump_distance,90_jump_distance,95_jump_distance,100_jump_distance,1_scan_length,5_scan_length,10_scan_length,15_scan_length,20_scan_length,25_scan_length,30_scan_length,35_scan_length,40_scan_length,45_scan_length,50_scan_length,55_scan_length,60_scan_length,65_scan_length,70_scan_length,75_scan_length,80_scan_length,85_scan_length,90_scan_length,95_scan_length,100_scan_length,1_delta_read_page_popularity,5_delta_read_page_popularity,10_delta_read_page_popularity,15_delta_read_page_popularity,20_delta_read_page_popularity,25_delta_read_page_popularity,30_delta_read_page_popularity,35_delta_read_page_popularity,40_delta_read_page_popularity,45_delta_read_page_popularity,50_delta_read_page_popularity,55_delta_read_page_popularity,60_delta_read_page_popularity,65_delta_read_page_popularity,70_delta_read_page_popularity,75_delta_read_page_popularity,80_delta_read_page_popularity,85_delta_read_page_popularity,90_delta_read_page_popularity,95_delta_read_page_popularity,100_delta_read_page_popularity,1_delta_write_page_popularity,5_delta_write_page_popularity,10_delta_write_page_popularity,15_delta_write_page_popularity,20_delta_write_page_popularity,25_delta_write_page_popularity,30_delta_write_page_popularity,35_delta_write_page_popularity,40_delta_write_page_popularity,45_delta_write_page_popularity,50_delta_write_page_popularity,55_delta_write_page_popularity,60_delta_write_page_popularity,65_delta_write_page_popularity,70_delta_write_page_popularity,75_delta_write_page_popularity,80_delta_write_page_popularity,85_delta_write_page_popularity,90_delta_write_page_popularity,95_delta_write_page_popularity,100_delta_write_page_popularity
w40,36792130,434263,36357867,0.9881968507939062,8192,4096,4096,0.5,307087858,8944783,298143075,0.9708722348768345,1169618,45185,1124433,0.9613677286088278,6140448768,0,0,6815232,6794752,20480,5375725568,1415802880,4306948096,0.8011845176096608,1.1179701061501436e-07,1.1179701061501436e-07,1.1179701061501436e-07,1.1179701061501436e-07,1.1179701061501436e-07,1.1179701061501436e-07,3.3539103184504313e-07,5.589850530750718e-07,8.943760849201149e-07,1.4533611379951865e-06,1.9005491804552442e-06,2.459534233530316e-06,3.5775043396804595e-06,3.5775043396804595e-06,3.5775043396804595e-06,3.5775043396804595e-06,3.5775043396804595e-06,3.5775043396804595e-06,7.155008679360919e-06,1.2968453231341667e-05,6.081757377456781e-05,6.708188677533429e-09,6.708188677533429e-09,1.0062283016300143e-08,1.3416377355066858e-08,1.3416377355066858e-08,1.6770471693833574e-08,2.0124566032600287e-08,2.0124566032600287e-08,2.3478660371367003e-08,2.6832754710133716e-08,3.018684904890043e-08,3.354094338766715e-08,3.689503772643386e-08,4.0249132065200574e-08,5.031141508150072e-08,5.701960375903415e-08,7.043598111410101e-08,9.391464148546801e-08,1.4758015090573544e-07,4.2932407536213945e-07,0.004129282560059461,4096.0,4096.0,4096.0,4096.0,4096.0,4096.0,8192.0,16384.0,28672.0,36864.0,61440.0,69632.0,86016.0,131072.0,131072.0,131072.0,131072.0,131072.0,131072.0,262144.0,524288.0,4096.0,4096.0,4096.0,4096.0,4096.0,4096.0,8192.0,8192.0,8192.0,12288.0,12288.0,12288.0,12288.0,12288.0,12288.0,12288.0,20480.0,40960.0,57344.0,94208.0,524288.0,-64257294991.36,-3736943001.5999994,-524288.0,-90112.0,-57344.0,-36864.0,-16384.0,-12288.0,-12288.0,-12288.0,-12288.0,-8192.0,-8192.0,4096.0,57344.0,8478720.0,33452032.0,58707968.0,329961472.0,23732815462.400024,171798491136.0,1.0,1.0,1.0,2.0,2.0,3.0,4.0,4.0,5.0,6.0,8.0,8.0,11.0,15.0,18.0,32.0,32.0,34.0,376.20000000000437,59349.84999999996,3796665.0,nan,nan,nan,nan,nan,nan,nan,nan,nan,nan,nan,nan,nan,nan,nan,nan,nan,nan,nan,nan,nan,nan,nan,nan,nan,nan,nan,nan,nan,nan,nan,nan,nan,nan,nan,nan,nan,nan,nan,nan,nan,nan
w100,23527005,695732,22831273,0.9704283651914045,8192,4096,4096,0.5,578115665,2929458,575186207,0.9949327475843437,232971,5781,227190,0.9751857527331728,4096,1,1,96366612480,2849718272,93516894208,20618633216,1836847104,20529283072,0.9956665340973879,6.827201482321986e-07,6.827201482321986e-07,6.827201482321986e-07,6.827201482321986e-07,6.827201482321986e-07,6.827201482321986e-07,6.827201482321986e-07,6.827201482321986e-07,6.827201482321986e-07,6.827201482321986e-07,6.827201482321986e-07,6.827201482321986e-07,6.827201482321986e-07,6.827201482321986e-07,6.827201482321986e-07,6.827201482321986e-07,6.827201482321986e-07,6.827201482321986e-07,1.3654402964643972e-06,8.875361927018582e-06,0.00026114045669881596,6.954269680531474e-09,1.3908539361062945e-08,2.6078511301993025e-08,4.520275292345458e-08,6.6065561965049e-08,8.518980358651054e-08,1.043140452079721e-07,1.1474544972876931e-07,1.3039255650996513e-07,1.4603966329116096e-07,1.5994820265222388e-07,1.755953094334197e-07,1.8950384879448266e-07,2.034123881555456e-07,2.190594949367414e-07,2.364451691380701e-07,2.538308433393988e-07,2.764322198011261e-07,3.0598786594338484e-07,3.511906188668394e-07,3.0113726284121414e-05,4096.0,4096.0,4096.0,4096.0,4096.0,4096.0,4096.0,4096.0,4096.0,4096.0,4096.0,4096.0,4096.0,4096.0,4096.0,4096.0,4096.0,4096.0,16384.0,86016.0,262144.0,4096.0,4096.0,4096.0,4096.0,8192.0,16384.0,28672.0,45056.0,53248.0,65536.0,77824.0,86016.0,98304.0,110592.0,126976.0,147456.0,172032.0,212992.0,262144.0,266240.0,524288.0,-32746704404.48,-339968.0,-262144.0,-249856.0,-196608.0,-163840.0,-139264.0,-118784.0,-102400.0,-90112.0,-81920.0,-69632.0,-57344.0,-45056.0,-28672.0,-12288.0,-4096.0,-4096.0,4096.0,211931136.0,50480836608.0,1.0,1.0,2.0,2.0,2.0,2.0,2.0,2.0,2.0,2.0,2.0,2.0,2.0,2.0,2.0,2.0,2.0,2.0,2.0,2.0,5128699.0,nan,nan,nan,nan,nan,nan,nan,nan,nan,nan,nan,nan,nan,nan,nan,nan,nan,nan,nan,nan,nan,nan,nan,nan,nan,nan,nan,nan,nan,nan,nan,nan,nan,nan,nan,nan,nan,nan,nan,nan,nan,nan
w41,35907602,2493135,33414467,0.9305680451732755,8192,4096,4096,0.5,268137726,64459163,203678563,0.7596042751552238,1354021,200973,1153048,0.8515732030743984,851968,0,0,0,0,0,4581531648,1778601984,3603730432,0.7865776576209301,1.5513698184383808e-08,1.5513698184383808e-08,1.5513698184383808e-08,1.5513698184383808e-08,1.5513698184383808e-08,1.5513698184383808e-08,2.7924656731890854e-07,5.584931346378171e-07,1.0083903819849476e-06,1.2410958547507048e-06,1.6134246111759161e-06,2.1253766512605818e-06,3.350958807826903e-06,4.467945077102537e-06,4.467945077102537e-06,4.467945077102537e-06,4.467945077102537e-06,4.467945077102537e-06,4.467945077102537e-06,4.964383419002819e-06,3.7775855078974576e-05,4.909696854057243e-09,9.819393708114486e-09,9.819393708114486e-09,9.819393708114486e-09,1.4729090562171728e-08,1.9638787416228972e-08,1.9638787416228972e-08,2.4548484270286216e-08,2.945818112434346e-08,3.43678779784007e-08,4.909696854057243e-08,5.891636224868692e-08,8.346484651897313e-08,1.3256181505954555e-07,3.2403999236777806e-07,7.315448312545293e-07,1.1390496701412804e-06,2.3124672182609617e-06,3.328774467050811e-06,4.040680510889111e-06,0.005736813844272851,4096.0,4096.0,8192.0,24576.0,32768.0,65536.0,98304.0,131072.0,131072.0,131072.0,131072.0,131072.0,131072.0,131072.0,131072.0,131072.0,131072.0,131072.0,131072.0,196608.0,278528.0,4096.0,4096.0,4096.0,4096.0,4096.0,4096.0,8192.0,8192.0,8192.0,12288.0,12288.0,12288.0,12288.0,12288.0,12288.0,12288.0,20480.0,28672.0,45056.0,94208.0,524288.0,-47555678208.0,-3925704704.0,-294912.0,-131072.0,-65536.0,-32768.0,-24576.0,-12288.0,-12288.0,-12288.0,-12288.0,-8192.0,-8192.0,0.0,20480.0,143360.0,5160960.0,134213632.0,1577463808.0,10813911040.0,85878398976.0,1.0,1.0,1.0,2.0,2.0,2.0,3.0,4.0,5.0,8.0,9.0,16.0,32.0,32.0,37.0,81.0,144.0,391.0,4930.600000000006,25788.40000000001,903036.0,nan,nan,nan,nan,nan,nan,nan,nan,nan,nan,nan,nan,nan,nan,nan,nan,nan,nan,nan,nan,nan,nan,nan,nan,nan,nan,nan,nan,nan,nan,nan,nan,nan,nan,nan,nan,nan,nan,nan,nan,nan,nan
w101,23185320,687609,22497711,0.9703429152584481,8192,4096,4096,0.5,571462732,2798235,568664497,0.9951033814747521,231039,5748,225291,0.975121083453443,4096,1,1,94967070720,2816446464,92150624256,22117298176,1874411520,22034780160,0.9962690734038417,7.147362533882965e-07,7.147362533882965e-07,7.147362533882965e-07,7.147362533882965e-07,7.147362533882967e-07,7.147362533882965e-07,7.147362533882964e-07,7.147362533882965e-07,7.147362533882965e-07,7.147362533882965e-07,7.147362533882965e-07,7.147362533882965e-07,7.147362533882965e-07,7.147362533882965e-07,7.147362533882967e-07,7.147362533882965e-07,7.147362533882965e-07,7.147362533882965e-07,1.429472506776593e-06,7.862098787271263e-06,0.0002962581770294489,7.034024492652651e-09,1.7585061231631626e-08,2.9894604093773764e-08,4.572115920224223e-08,5.978920818754753e-08,7.209875104968968e-08,8.440829391183182e-08,9.671783677397395e-08,1.1078588575927925e-07,1.2133692249825824e-07,1.3364646536040037e-07,1.4595600822254252e-07,1.600240572078478e-07,1.7585061231631627e-07,1.9519417967111104e-07,2.1629625314906902e-07,2.426738449965165e-07,2.743269552134534e-07,3.1301408992304296e-07,3.6752777974110094e-07,3.1466708567881635e-05,4096.0,4096.0,4096.0,4096.0,4096.0,4096.0,4096.0,4096.0,4096.0,4096.0,4096.0,4096.0,4096.0,4096.0,4096.0,4096.0,4096.0,4096.0,16384.0,73728.0,262144.0,4096.0,4096.0,4096.0,4096.0,8192.0,16384.0,32768.0,45056.0,57344.0,69632.0,77824.0,86016.0,98304.0,110592.0,126976.0,147456.0,172032.0,208896.0,262144.0,266240.0,524288.0,-33227716444.16,-356352.0,-262144.0,-245760.0,-196608.0,-163840.0,-139264.0,-118784.0,-102400.0,-90112.0,-81920.0,-69632.0,-57344.0,-45056.0,-28672.0,-12288.0,-4096.0,-4096.0,4096.0,274546688.0,50449842176.0,1.0,1.0,2.0,2.0,2.0,2.0,2.0,2.0,2.0,2.0,2.0,2.0,2.0,2.0,2.0,2.0,2.0,2.0,2.0,2.0,4878206.0,nan,nan,nan,nan,nan,nan,nan,nan,nan,nan,nan,nan,nan,nan,nan,nan,nan,nan,nan,nan,nan,nan,nan,nan,nan,nan,nan,nan,nan,nan,nan,nan,nan,nan,nan,nan,nan,nan,nan,nan,nan,nan
w102,13192558,808957,12383601,0.9386808077705627,8192,4096,4096,0.5,647311932,68102941,579208991,0.8947911545681194,89714,18923,70791,0.789074169026016,3158016,0,4,4440978432,74409472,4366568960,4108726272,641695744,3772133376,0.9180785300072675,1.4683653676571765e-08,2.936730735314353e-08,1.0278557573600236e-07,1.0278557573600236e-07,2.0557115147200472e-07,2.3493845882514824e-07,3.524076882377224e-07,4.698769176502965e-07,4.698769176502965e-07,4.698769176502965e-07,4.698769176502965e-07,4.698769176502965e-07,7.635499911817318e-07,9.39753835300593e-07,9.39753835300593e-07,1.0719067183897388e-06,1.4243144066274613e-06,1.6445692117760377e-06,2.452170163987485e-06,8.679507688221571e-05,8.679507688221571e-05,5.1794776093177045e-09,1.2085447755074644e-08,1.5538432827953115e-08,1.726492536439235e-08,2.4170895510149288e-08,3.280335819234547e-08,5.006828355673781e-08,6.90597014575694e-08,9.323059696771869e-08,1.139485074049895e-07,1.277604476965034e-07,1.381194029151388e-07,1.484783581337742e-07,1.9164067154475507e-07,4.419820893284441e-07,8.874171637297667e-07,8.874171637297667e-07,1.3311257455946501e-06,1.4554332082182751e-06,5.388383206226853e-06,0.00047670530722131003,4096.0,4096.0,4096.0,4096.0,16384.0,32768.0,40960.0,65536.0,65536.0,65536.0,124928.0,131072.0,131072.0,262144.0,262144.0,1044480.0,1052672.0,1052672.0,1052672.0,1052672.0,1052672.0,1024.0,2560.0,4096.0,4096.0,4096.0,8192.0,16384.0,32768.0,49152.0,61440.0,65536.0,86016.0,122880.0,151552.0,217088.0,262144.0,262144.0,262144.0,589824.0,1052672.0,1052672.0,-42555468165.119995,-12988260352.0,-11108352.0,-1052672.0,-786432.0,-311296.0,-262144.0,-262144.0,-229376.0,-155648.0,-122880.0,-86528.0,-65536.0,-61440.0,-49152.0,-28672.0,-16384.0,4096.0,12111872.0,12867580006.399994,70687670272.0,1.0,1.0,1.0,2.0,2.0,3.0,4.0,5.0,7.0,8.0,12.0,16.0,17.0,32.0,32.0,69.0,341.0,1117.2999999999993,18160.80000000001,119000.59999999993,7999214.0,nan,nan,nan,nan,nan,nan,nan,nan,nan,nan,nan,nan,nan,nan,nan,nan,nan,nan,nan,nan,nan,nan,nan,nan,nan,nan,nan,nan,nan,nan,nan,nan,nan,nan,nan,nan,nan,nan,nan,nan,nan,nan
w103,8960938,3274825,5686113,0.6345443970262935,32768,28672,4096,0.125,456766176,193758781,263007395,0.5758031325857194,522056,219047,303009,0.580414744778338,51277824,0,0,3545484800,2677248000,868236800,6026215424,5343453184,950284288,0.15769172210727792,5.161056416844406e-09,5.161056416844406e-09,1.0322112833688812e-08,2.0644225667377625e-08,2.0644225667377625e-08,2.0644225667377625e-08,2.0644225667377625e-08,3.096633850106644e-08,4.1288451334755256e-08,8.25769026695105e-08,1.2386535400426576e-07,1.65153805339021e-07,2.1676436950746505e-07,2.7869704650959795e-07,3.30307610678042e-07,4.128845133475525e-07,5.057835288507518e-07,6.141657136044843e-07,7.638363496929721e-07,1.156076637373147e-06,4.393091222017958e-05,3.041739567817095e-08,1.3687828055176928e-07,1.939108974483398e-07,5.703261689657054e-07,1.2204980015866093e-06,1.9353068000236267e-06,1.946713323402941e-06,2.4486003520927617e-06,2.9200699851044113e-06,3.6234722601621143e-06,3.893426646805882e-06,3.954261438162223e-06,4.36109410535776e-06,4.866783308507352e-06,5.0302768102775205e-06,5.72227256195591e-06,6.3458291733584145e-06,7.486481511289825e-06,8.478849045290152e-06,1.1159382039428968e-05,0.00033027968662249974,2048.0,4096.0,8192.0,16384.0,16384.0,16384.0,30720.0,32768.0,32768.0,32768.0,32768.0,32768.0,65536.0,120320.0,189952.0,291328.0,415744.0,1044480.0,1052672.0,1052672.0,1052672.0,2048.0,4096.0,4096.0,4096.0,4096.0,4096.0,4096.0,4096.0,4096.0,8192.0,12288.0,15360.0,20480.0,32768.0,40960.0,53248.0,262144.0,684032.0,1048576.0,1052672.0,1052672.0,-10669347328.0,-1393945804.7999992,-1052672.0,-1052672.0,-1048576.0,-671744.0,-281088.0,-163840.0,-61440.0,-38400.0,-32768.0,-32768.0,-19968.0,-16384.0,-8192.0,0.0,4096.0,36864.0,946176.0,1621020672.0,18256560128.0,1.0,1.0,2.0,3.0,4.0,4.0,4.0,4.0,4.0,4.0,4.0,4.0,4.0,5.0,7.0,8.0,8.0,11.0,20.0,46.0,8749239.0,nan,nan,nan,nan,nan,nan,nan,nan,nan,nan,nan,nan,nan,nan,nan,nan,nan,nan,nan,nan,nan,nan,nan,nan,nan,nan,nan,nan,nan,nan,nan,nan,nan,nan,nan,nan,nan,nan,nan,nan,nan,nan
w104,23585933,19525576,4060357,0.1721516380123695,20480,16384,4096,0.2,424751619,371602376,53149243,0.12513017166392484,1029905,770432,259473,0.25193877105169893,2924544,8,1,3187147264,2791936,3184355328,46127353856,41494425600,7586295808,0.16446414489074826,5.3820969110272855e-09,1.0764193822054571e-08,2.1528387644109142e-08,8.611355057643657e-08,8.611355057643657e-08,8.611355057643657e-08,8.611355057643657e-08,8.611355057643657e-08,8.611355057643657e-08,8.611355057643657e-08,8.611355057643657e-08,8.611355057643657e-08,8.611355057643657e-08,8.611355057643657e-08,8.611355057643658e-08,8.611355057643657e-08,8.611355057643658e-08,8.611355057643655e-08,1.2917032586465486e-07,2.583406517293097e-07,1.1953637239391602e-05,3.762988684523691e-08,3.762988684523691e-08,7.525977369047382e-08,7.525977369047382e-08,7.525977369047382e-08,7.525977369047382e-08,7.525977369047382e-08,7.525977369047382e-08,7.525977369047382e-08,7.525977369047382e-08,1.1288966053571074e-07,1.5051954738094764e-07,1.5051954738094764e-07,1.5051954738094764e-07,2.2577932107142147e-07,3.010390947618953e-07,5.268184158333168e-07,1.4299357001190026e-06,2.4647575883630176e-06,2.5023874752082544e-06,0.00033229071578686457,8192.0,8192.0,32768.0,65536.0,65536.0,65536.0,65536.0,65536.0,65536.0,65536.0,65536.0,65536.0,65536.0,65536.0,65536.0,65536.0,65536.0,65536.0,131072.0,196608.0,524288.0,512.0,1024.0,4096.0,5120.0,8192.0,8192.0,8192.0,8192.0,8192.0,8192.0,8192.0,8192.0,16384.0,16384.0,16384.0,16384.0,32768.0,59904.0,65536.0,524288.0,524288.0,-157480703334.4,-524288.0,-196608.0,-65536.0,-65536.0,-65536.0,-65536.0,-65536.0,-65536.0,-65536.0,-65536.0,-65536.0,-65536.0,-65536.0,-65536.0,-65536.0,-16384.0,-8192.0,-5120.0,0.0,257669357568.0,1.0,2.0,2.0,2.0,2.0,2.0,4.0,4.0,9.0,16.0,16.0,16.0,16.0,16.0,16.0,16.0,16.0,16.0,29.0,67.0,10747956.0,nan,nan,nan,nan,nan,nan,nan,nan,nan,nan,nan,nan,nan,nan,nan,nan,nan,nan,nan,nan,nan,nan,nan,nan,nan,nan,nan,nan,nan,nan,nan,nan,nan,nan,nan,nan,nan,nan,nan,nan,nan,nan
w105,24504739,21852981,2651758,0.10821408871157534,25088,24576,512,0.02040816326530612,655828281,323517333,332310948,0.5067042053954974,1867752,1293137,574615,0.30765058744415746,22372352,9,15,6112975872,5058279424,1054696448,15067156480,13272875008,3975344128,0.26384169655879225,1.8546146954048982e-08,4.945639187746395e-08,9.89127837549279e-08,1.4836917563239186e-07,2.2255376344858778e-07,2.472819593873197e-07,2.967383512647837e-07,2.967383512647837e-07,2.967383512647837e-07,2.967383512647837e-07,2.967383512647837e-07,2.967383512647837e-07,2.967383512647837e-07,2.967383512647837e-07,2.967383512647837e-07,2.967383512647837e-07,2.967383512647837e-07,3.4619474314224765e-07,5.934767025295674e-07,5.934767025295674e-07,2.3986350060570016e-05,3.0092297771664144e-09,3.0092297771664144e-09,3.009229777166415e-09,3.0092297771664144e-09,6.018459554332829e-09,9.027689331499245e-09,1.805537866299849e-08,4.5138446657496216e-08,5.1156906211829046e-08,8.425843376065962e-08,1.9259070573865052e-07,7.673535931774358e-07,7.733720527317685e-07,7.733720527317685e-07,8.185104993892647e-07,2.320116158195306e-06,2.708306799449773e-06,3.093488210927074e-06,3.093488210927074e-06,3.093488210927074e-06,0.00015747299423911847,4096.0,9216.0,32768.0,45568.0,65536.0,65536.0,65536.0,65536.0,65536.0,65536.0,65536.0,65536.0,65536.0,65536.0,65536.0,65536.0,65536.0,65536.0,65536.0,65536.0,1052672.0,512.0,4096.0,4096.0,4096.0,4096.0,4096.0,4096.0,8192.0,20480.0,65536.0,176128.0,935424.0,1052672.0,1052672.0,1052672.0,1052672.0,1052672.0,1052672.0,1052672.0,1052672.0,1052672.0,-3128127488.0,-1052672.0,-65536.0,-65536.0,-65536.0,-65536.0,-65536.0,-65536.0,-65536.0,-65536.0,-65536.0,-65536.0,-65536.0,-65536.0,-65536.0,-65536.0,-43008.0,-26624.0,0.0,0.0,42514575360.0,1.0,2.0,3.0,4.0,6.0,9.0,14.0,16.0,16.0,16.0,16.0,16.0,16.0,16.0,16.0,16.0,16.0,16.0,16.0,49.0,23249922.0,nan,nan,nan,nan,nan,nan,nan,nan,nan,nan,nan,nan,nan,nan,nan,nan,nan,nan,nan,nan,nan,nan,nan,nan,nan,nan,nan,nan,nan,nan,nan,nan,nan,nan,nan,nan,nan,nan,nan,nan,nan,nan
w106,11063093,2796126,8266967,0.7472563956571638,10240,8192,2048,0.2,80177573,23330370,56847203,0.7090162606942467,576169,154019,422150,0.7326843339367443,29777920,1,1,45883530752,11522680320,34360850432,4182593536,3599044608,717213696,0.17147582948877774,8.572517281123274e-08,1.285877592168491e-07,1.714503456224655e-07,1.714503456224655e-07,2.1431293202808185e-07,2.571755184336982e-07,3.4290069124493096e-07,3.857632776505474e-07,4.7148845046178e-07,5.572136232730128e-07,6.429387960842455e-07,6.858013824898619e-07,7.286639688954783e-07,7.286639688954783e-07,7.286639688954783e-07,7.286639688954783e-07,7.286639688954783e-07,8.14389141706711e-07,1.2858775921684908e-06,2.7860681163650643e-06,0.001187807994472441,5.2773044964059184e-08,1.5831913489217754e-07,2.1109217985623674e-07,2.638652248202959e-07,2.9904725479633534e-07,3.166382697843551e-07,4.221843597124735e-07,5.80503494604651e-07,8.971417643890061e-07,8.971417643890061e-07,1.1961890191853414e-06,1.1961890191853414e-06,1.7942835287780121e-06,3.0432455929274127e-06,4.3625717170288925e-06,4.8727111516814645e-06,6.878086860315713e-06,1.0765701172668073e-05,1.0765701172668073e-05,1.4354268230224097e-05,0.009590551007408403,4096.0,4096.0,4096.0,4096.0,8192.0,8192.0,8192.0,16384.0,16384.0,28672.0,32768.0,32768.0,32768.0,32768.0,36864.0,49152.0,53248.0,61440.0,65536.0,65536.0,69632.0,512.0,1024.0,3584.0,4096.0,4096.0,4096.0,4096.0,4096.0,8192.0,8192.0,8192.0,8192.0,16384.0,16384.0,28672.0,65536.0,65536.0,65536.0,65536.0,65536.0,69632.0,-11395055984.64,-2015124940.8,-69632.0,-65536.0,-65536.0,-65536.0,-65536.0,-49152.0,-32768.0,-24576.0,-16384.0,-12288.0,-8192.0,-8192.0,-4096.0,-4096.0,-4096.0,0.0,356352.0,1567940608.0,18919738880.0,1.0,1.0,1.0,1.0,1.0,1.0,2.0,2.0,2.0,2.0,2.0,3.0,4.0,7.0,9.0,14.0,16.0,25.0,169.0,659.0,353228.0,nan,nan,nan,nan,nan,nan,nan,nan,nan,nan,nan,nan,nan,nan,nan,nan,nan,nan,nan,nan,nan,nan,nan,nan,nan,nan,nan,nan,nan,nan,nan,nan,nan,nan,nan,nan,nan,nan,nan,nan,nan,nan
w42,79999249,54734764,25264485,0.31580902715724246,36864,32768,4096,0.1111111111111111,4847064407,2002718104,2844346303,0.5868183428493897,3930383,3631176,299207,0.07612667773089798,4096,1,1,333332963840,228922949120,104410014720,19441176576,18348613632,10818035712,0.5564496402627602,3.994571170062185e-09,6.990499547608823e-09,8.987785132639915e-09,1.1983713510186554e-08,1.3980999095217648e-08,1.3980999095217646e-08,1.797557026527983e-08,2.746267679417752e-08,3.994571170062185e-08,5.442603219209726e-08,7.639617362743928e-08,9.886563645903907e-08,1.0985070717671008e-07,1.1783984951683445e-07,1.333188128008254e-07,1.5678691842494074e-07,1.9223873755924265e-07,2.6563898280913527e-07,3.4153583504031676e-07,5.462576075060037e-07,8.781715192404332e-05,2.4610224122909834e-09,1.793030614669145e-08,7.066650069578394e-08,9.035467999411182e-08,9.035467999411182e-08,9.035467999411182e-08,1.0863656077113055e-07,1.7367786738167797e-07,1.8070935998822364e-07,1.8211565850953277e-07,2.380160247315708e-07,2.7106403998233543e-07,2.802049803708448e-07,3.614187199764473e-07,4.3806198938779504e-07,5.19978878254052e-07,6.226386703096188e-07,7.537760074216954e-07,9.20773956827155e-07,1.1468364441275981e-06,0.00016402433118215142,1024.0,4096.0,4096.0,4096.0,4096.0,4096.0,4096.0,4096.0,4096.0,8192.0,20480.0,32768.0,36864.0,65536.0,65536.0,126976.0,131072.0,147456.0,561152.0,1052672.0,1052672.0,4096.0,4096.0,4096.0,8192.0,26112.0,40960.0,65536.0,106496.0,139264.0,184320.0,262144.0,331776.0,520192.0,724992.0,966656.0,1048576.0,1048576.0,1048576.0,1048576.0,1048576.0,1052672.0,-18765707632.64,-1052672.0,-1048576.0,-1048576.0,-897024.0,-430080.0,-225280.0,-131072.0,-126976.0,-77824.0,-65536.0,-40960.0,-32768.0,-16384.0,-4096.0,-4096.0,-4096.0,-3584.0,0.0,188416.0,53678874624.0,1.0,1.0,1.0,1.0,1.0,1.0,1.0,1.0,1.0,2.0,2.0,2.0,2.0,2.0,3.0,4.0,8.0,16.0,36.0,653.0,11150510.0,nan,nan,nan,nan,nan,nan,nan,nan,nan,nan,nan,nan,nan,nan,nan,nan,nan,nan,nan,nan,nan,nan,nan,nan,nan,nan,nan,nan,nan,nan,nan,nan,nan,nan,nan,nan,nan,nan,nan,nan,nan,nan
w50,76666037,72908837,3757200,0.049007359021309524,66048,65536,512,0.007751937984496124,6691286965,6669518903,21768062,0.003253195104897134,1146213,103831,1042382,0.9094138698479253,11653120,7,1,9731545088,33483264,9698061824,41650241536,36308295680,6409199616,0.15388145133468836,7.196920902107232e-09,2.1590762706321698e-08,3.5984604510536166e-08,5.037844631475062e-08,6.47722881189651e-08,7.916612992317956e-08,9.355997172739403e-08,1.0795381353160849e-07,1.1515073443371571e-07,1.1515073443371571e-07,1.1515073443371571e-07,1.1515073443371571e-07,1.1515073443371571e-07,1.1515073443371571e-07,1.1515073443371571e-07,1.1515073443371571e-07,1.1515073443371571e-07,1.3194354987196593e-07,2.1590762706321698e-07,2.6868504701200334e-07,9.499935590781547e-07,9.187772434679762e-08,1.3781658652019642e-07,1.8375544869359524e-07,1.8375544869359524e-07,1.8375544869359524e-07,2.2969431086699405e-07,2.2969431086699405e-07,2.2969431086699405e-07,2.2969431086699405e-07,2.7563317304039284e-07,2.7563317304039284e-07,3.2157203521379166e-07,3.6751089738719047e-07,4.593886217339881e-07,5.512663460807857e-07,6.890829326009821e-07,7.350217947743809e-07,7.350217947743809e-07,1.0106549678147738e-06,2.2050653843231427e-06,0.0003466546539604674,8192.0,8192.0,8192.0,8192.0,8192.0,16384.0,16384.0,24576.0,40960.0,65536.0,65536.0,65536.0,155648.0,458752.0,786432.0,1048576.0,1048576.0,1048576.0,1048576.0,1048576.0,1048576.0,512.0,512.0,512.0,512.0,512.0,1024.0,3584.0,5120.0,8192.0,8192.0,8192.0,9216.0,15360.0,15872.0,16384.0,19456.0,22016.0,38912.0,60928.0,61440.0,1048576.0,-1048576.0,-1048576.0,-1048576.0,-1048576.0,-1048576.0,-1048576.0,-786432.0,-393216.0,-131072.0,-65536.0,-65536.0,-49152.0,-32768.0,-24576.0,-16384.0,-8192.0,-8192.0,8192.0,5783552.0,82075648.0,246545272832.0,1.0,2.0,2.0,2.0,2.0,2.0,2.0,2.0,2.0,2.0,2.0,2.0,4.0,4.0,6.0,16.0,16.0,32.0,80.0,213.0,2418136.0,nan,nan,nan,nan,nan,nan,nan,nan,nan,nan,nan,nan,nan,nan,nan,nan,nan,nan,nan,nan,nan,nan,nan,nan,nan,nan,nan,nan,nan,nan,nan,nan,nan,nan,nan,nan,nan,nan,nan,nan,nan,nan
w51,68833417,57576431,11256986,0.16353954940229104,69632,4096,65536,0.9411764705882353,860738043,734829823,125908220,0.14627937155090984,3279363,3008202,271161,0.08268709502424709,5255168,0,16,283972388864,237703190528,46269198336,17850929152,16466239488,4372074496,0.2449213964590833,2.7217186039549184e-09,4.082577905932378e-09,4.082577905932378e-09,4.082577905932378e-09,4.082577905932378e-09,4.082577905932378e-09,5.4434372079098376e-09,6.804296509887297e-09,8.165155811864757e-09,8.165155811864757e-09,8.165155811864757e-09,8.165155811864757e-09,8.165155811864757e-09,2.177374883163935e-08,2.313460813361681e-08,4.626921626723362e-08,9.253843253446724e-08,1.3880764880170086e-07,2.7353271969746933e-07,3.7015373013786895e-07,0.000654027619671065,4.765375922239231e-08,7.942293203732052e-08,1.3501898446344489e-07,1.3501898446344489e-07,1.3501898446344489e-07,1.3501898446344489e-07,1.3501898446344489e-07,1.4296127766717694e-07,2.7003796892688977e-07,2.7003796892688977e-07,2.7003796892688977e-07,2.7003796892688977e-07,4.0505695339033466e-07,5.400759378537795e-07,5.400759378537795e-07,6.750949223172244e-07,6.750949223172244e-07,8.101139067806693e-07,1.080151875707559e-06,2.144419165007654e-06,0.002855540329297007,4096.0,4096.0,8192.0,12288.0,20480.0,28672.0,36864.0,45056.0,53248.0,61440.0,65536.0,65536.0,65536.0,65536.0,65536.0,65536.0,65536.0,65536.0,65536.0,65536.0,520192.0,4096.0,4096.0,4096.0,4096.0,4096.0,4096.0,8192.0,12288.0,32768.0,65536.0,65536.0,65536.0,65536.0,65536.0,65536.0,65536.0,65536.0,65536.0,65536.0,65536.0,520192.0,-2035993804.7999973,-65536.0,-65536.0,-65536.0,-65536.0,-65536.0,-65536.0,-65536.0,-65536.0,-65536.0,-65536.0,-61440.0,-49152.0,-36864.0,-28672.0,-20480.0,-8192.0,-4096.0,0.0,24576.0,107045173760.0,1.0,1.0,1.0,2.0,2.0,2.0,2.0,2.0,2.0,2.0,2.0,2.0,2.0,2.0,2.0,4.0,4.0,8.0,16.0,49.0,241280.0,nan,nan,nan,nan,nan,nan,nan,nan,nan,nan,nan,nan,nan,nan,nan,nan,nan,nan,nan,nan,nan,nan,nan,nan,nan,nan,nan,nan,nan,nan,nan,nan,nan,nan,nan,nan,nan,nan,nan,nan,nan,nan
w52,31282696,15346771,15935925,0.5094166116628822,12288,4096,8192,0.6666666666666666,192665570,103877971,88787599,0.4608379120358661,1394638,956796,437842,0.31394670158134225,28672,1,7,119553490432,57809764864,61743725568,5790175232,5309661184,1300901888,0.22467401000412418,9.626680136060801e-09,1.9253360272121602e-08,2.888004040818241e-08,3.8506720544243205e-08,4.813340068030401e-08,5.776008081636481e-08,7.701344108848641e-08,8.664012122454722e-08,1.1552016163272962e-07,1.3477352190485123e-07,1.5402688217697282e-07,1.6365356231303362e-07,1.6365356231303362e-07,1.6365356231303362e-07,2.8880040408182405e-07,4.909606869391009e-07,9.241612930618369e-07,1.309228498504269e-06,2.2911498723824706e-06,3.5811250106146183e-06,0.00010508484036523972,2.2525668252387363e-08,3.3788502378581044e-08,1.6894251189290521e-07,1.914681801452926e-07,3.266221896596168e-07,4.95564701552522e-07,7.320842182025893e-07,1.024917905483625e-06,1.1488090808717555e-06,1.1488090808717555e-06,1.1488090808717555e-06,1.1600719149979491e-06,1.5317454411623407e-06,1.5317454411623407e-06,1.554271109414728e-06,1.5767967776671155e-06,1.6894251189290523e-06,2.4102465030054477e-06,5.710256901980196e-06,7.467259025666411e-06,0.010558208697590752,512.0,4096.0,4096.0,4096.0,4096.0,4096.0,4096.0,4096.0,4096.0,4096.0,8192.0,8192.0,16384.0,31744.0,32768.0,49152.0,64512.0,65536.0,65536.0,65536.0,69632.0,512.0,512.0,1024.0,2048.0,4096.0,4096.0,4096.0,4096.0,4096.0,6144.0,8192.0,8192.0,13312.0,16384.0,16384.0,19456.0,36864.0,65536.0,65536.0,65536.0,69632.0,-6516190126.08,-832966041.5999985,-4783616.0,-65536.0,-65536.0,-65536.0,-54272.0,-36864.0,-24576.0,-16384.0,-12288.0,-8192.0,-4608.0,-4096.0,-4096.0,-4096.0,0.0,8192.0,8814592.0,831726080.0,11002098688.0,1.0,1.0,1.0,1.0,1.0,1.0,2.0,2.0,2.0,2.0,2.0,2.0,3.0,4.0,7.0,9.0,16.0,20.0,109.0,578.0,204764.0,nan,nan,nan,nan,nan,nan,nan,nan,nan,nan,nan,nan,nan,nan,nan,nan,nan,nan,nan,nan,nan,nan,nan,nan,nan,nan,nan,nan,nan,nan,nan,nan,nan,nan,nan,nan,nan,nan,nan,nan,nan,nan
w43,141625625,70183215,71442410,0.5044455055361626,8192,4096,4096,0.5,1952774555,940500597,1012273958,0.5183772778112627,6593375,3351242,3242133,0.4917258611864182,145125376,2,1,580098560000,287470448640,292628111360,52223234048,45830451200,17033678848,0.32617050932433284,2.126527092464993e-09,5.3163177311624825e-09,7.442844823627474e-09,1.0632635462324965e-08,1.2759162554789958e-08,1.807548028595244e-08,1.807548028595244e-08,1.807548028595244e-08,1.807548028595244e-08,3.615096057190488e-08,5.422644085785732e-08,7.442844823627475e-08,1.0101003689208716e-07,1.1483246299310962e-07,1.2652836200166706e-07,1.2652836200166706e-07,1.446038422876195e-07,2.1477923633896427e-07,2.530567240033341e-07,2.530567240033341e-07,2.694309826153146e-06,3.951499461571647e-09,5.927249192357471e-09,8.890873788536206e-09,1.086662351932203e-08,1.2842373250107852e-08,1.67938727116795e-08,1.67938727116795e-08,1.67938727116795e-08,2.9636245961787353e-08,4.5442243808073944e-08,8.298148869300459e-08,1.0570261059704155e-07,1.3138735709725726e-07,1.7090235171297376e-07,2.0449009713633274e-07,2.4104146715587044e-07,2.68701963386872e-07,3.3192595477201836e-07,3.8131969804166395e-07,4.1787106806120166e-07,0.00046568816304568016,4096.0,8192.0,12288.0,20480.0,28672.0,36864.0,40960.0,53248.0,61440.0,65536.0,65536.0,65536.0,65536.0,65536.0,65536.0,65536.0,65536.0,65536.0,65536.0,65536.0,65536.0,4096.0,4096.0,8192.0,20480.0,36864.0,53248.0,65536.0,65536.0,65536.0,65536.0,65536.0,65536.0,65536.0,65536.0,65536.0,65536.0,65536.0,65536.0,65536.0,65536.0,65536.0,-65536.0,-65536.0,-65536.0,-65536.0,-65536.0,-65536.0,-65536.0,-65536.0,-65536.0,-65536.0,-65536.0,-65536.0,-65536.0,-57344.0,-45056.0,-32768.0,-20480.0,-12288.0,0.0,4096.0,82358053376.0,1.0,1.0,2.0,2.0,2.0,3.0,3.0,4.0,4.0,5.0,7.0,8.0,9.0,12.0,16.0,16.0,16.0,16.0,17.0,3283.0,95669.0,nan,nan,nan,nan,nan,nan,nan,nan,nan,nan,nan,nan,nan,nan,nan,nan,nan,nan,nan,nan,nan,nan,nan,nan,nan,nan,nan,nan,nan,nan,nan,nan,nan,nan,nan,nan,nan,nan,nan,nan,nan,nan
w97,23982853,727457,23255396,0.969667620445324,8192,4096,4096,0.5,584878077,3012653,581865424,0.994849092283553,235692,5841,229851,0.9752176569421109,4096,1,1,98233765888,2979663872,95254102016,20009885696,1978531840,19920826368,0.9955492335462065,6.638666982224637e-07,6.638666982224637e-07,6.638666982224637e-07,6.638666982224637e-07,6.638666982224637e-07,6.638666982224637e-07,6.638666982224637e-07,6.638666982224637e-07,6.638666982224637e-07,6.638666982224637e-07,6.638666982224637e-07,6.638666982224637e-07,6.638666982224637e-07,6.638666982224637e-07,6.638666982224637e-07,6.638666982224637e-07,6.638666982224637e-07,6.638666982224637e-07,1.3277333964449274e-06,6.638666982224637e-06,0.00032164341528878365,6.874441812510928e-09,1.3748883625021857e-08,2.9216377703171448e-08,5.1558313593831964e-08,7.218163903136475e-08,8.936774356264208e-08,1.0483523764079166e-07,1.1686551081268579e-07,1.323330048908354e-07,1.4608188851585724e-07,1.598307721408791e-07,1.752982662190287e-07,1.9076576029717826e-07,2.079518648284556e-07,2.2513796935973291e-07,2.4404268434413795e-07,2.646660097816708e-07,2.88726556125459e-07,3.1794293382863047e-07,3.626268056099515e-07,3.9137915849077845e-05,4096.0,4096.0,4096.0,4096.0,4096.0,4096.0,4096.0,4096.0,4096.0,4096.0,4096.0,4096.0,4096.0,4096.0,4096.0,4096.0,4096.0,4096.0,12288.0,86016.0,262144.0,4096.0,4096.0,4096.0,4096.0,8192.0,16384.0,28672.0,40960.0,53248.0,65536.0,77824.0,86016.0,98304.0,110592.0,126976.0,147456.0,172032.0,208896.0,262144.0,266240.0,524288.0,-31909506498.559998,-397312.0,-262144.0,-245760.0,-196608.0,-159744.0,-139264.0,-118784.0,-102400.0,-90112.0,-77824.0,-69632.0,-53248.0,-40960.0,-28672.0,-12288.0,-4096.0,-4096.0,4096.0,175466291.19999695,50593763328.0,1.0,1.0,2.0,2.0,2.0,2.0,2.0,2.0,2.0,2.0,2.0,2.0,2.0,2.0,2.0,2.0,2.0,2.0,2.0,2.0,4975001.0,nan,nan,nan,nan,nan,nan,nan,nan,nan,nan,nan,nan,nan,nan,nan,nan,nan,nan,nan,nan,nan,nan,nan,nan,nan,nan,nan,nan,nan,nan,nan,nan,nan,nan,nan,nan,nan,nan,nan,nan,nan,nan
w44,28994761,25343327,3651434,0.1259342679182629,66048,65536,512,0.007751937984496124,1049721003,595720853,454000150,0.4324960143719255,7951643,7797561,154082,0.01937737898947425,249856,0,60,17060496896,15539892736,1520604160,16082522112,15080648704,1851940864,0.11515239034667152,6.7145542746343984e-09,1.0071831411951597e-08,1.0071831411951597e-08,1.1750469980610197e-08,1.1750469980610197e-08,1.1750469980610197e-08,1.1750469980610197e-08,1.1750469980610198e-08,2.3500939961220394e-08,4.196596421646499e-08,6.210962704036819e-08,8.393192843292998e-08,9.400375984488157e-08,1.8800751968976318e-07,2.702608095540345e-07,3.760150393795263e-07,3.961587022034295e-07,5.892021375991685e-07,8.577843085845444e-07,1.2589789264939497e-06,8.107824286621036e-06,6.6079273321825994e-09,3.5242279104973864e-08,1.3215854664365198e-07,1.4096911641989545e-07,1.4096911641989545e-07,3.7885450037846904e-07,5.660791081236427e-07,5.660791081236427e-07,5.660791081236427e-07,6.585900907741991e-07,9.471362509461726e-07,1.1343608586913462e-06,1.6431712632694065e-06,2.2643164324945706e-06,3.262113459654143e-06,4.528632864989141e-06,4.669601981409037e-06,5.094711973112784e-06,5.094711973112784e-06,5.660791081236427e-06,8.136120659872029e-05,3072.0,4096.0,4096.0,4096.0,4096.0,4096.0,4096.0,4096.0,8192.0,16384.0,24576.0,32768.0,32768.0,60416.0,71168.0,131072.0,131072.0,200704.0,311296.0,457216.0,1052672.0,512.0,4096.0,4096.0,4096.0,8192.0,16384.0,32768.0,65536.0,73216.0,178176.0,262144.0,577536.0,1044480.0,1052672.0,1052672.0,1052672.0,1052672.0,1052672.0,1052672.0,1052672.0,1052672.0,-19792816865.279995,-1052672.0,-1052672.0,-460800.0,-303104.0,-197120.0,-131072.0,-125440.0,-65536.0,-45056.0,-32768.0,-28672.0,-16384.0,0.0,0.0,0.0,0.0,0.0,0.0,761856.0,42745466880.0,1.0,1.0,1.0,2.0,2.0,2.0,3.0,4.0,4.0,4.0,5.0,7.0,8.0,8.0,8.0,9.0,14.0,21.0,32.0,80.0,22603039.0,nan,nan,nan,nan,nan,nan,nan,nan,nan,nan,nan,nan,nan,nan,nan,nan,nan,nan,nan,nan,nan,nan,nan,nan,nan,nan,nan,nan,nan,nan,nan,nan,nan,nan,nan,nan,nan,nan,nan,nan,nan,nan
w98,23644952,718846,22926106,0.9695983311786803,8192,4096,4096,0.5,583275178,2965096,580310082,0.9949164714840651,233115,5947,227168,0.9744889861227292,8192,1,1,96849723392,2944393216,93905330176,19171110912,1875464192,19084455936,0.9954799189051815,6.745144170711505e-07,6.745144170711505e-07,6.745144170711505e-07,6.745144170711505e-07,6.745144170711505e-07,6.745144170711505e-07,6.745144170711505e-07,6.745144170711505e-07,6.745144170711505e-07,6.745144170711505e-07,6.745144170711505e-07,6.745144170711505e-07,6.745144170711505e-07,6.745144170711505e-07,6.745144170711505e-07,6.745144170711505e-07,6.745144170711505e-07,6.745144170711505e-07,1.349028834142301e-06,8.094173004853806e-06,0.0002752018821650294,6.892866631257322e-09,1.5508949920328972e-08,3.4464333156286605e-08,6.375901633913022e-08,8.616083289071651e-08,1.0683943278448848e-07,1.189019493891888e-07,1.3441089930951778e-07,1.4991984922984675e-07,1.637055824923614e-07,1.757680990970617e-07,1.8955383235957634e-07,2.03339565622091e-07,2.1712529888460564e-07,2.3091103214712026e-07,2.4814319872526355e-07,2.6537536530340686e-07,2.860539651971788e-07,3.136254317222081e-07,3.5498263150975203e-07,3.0283809544429042e-05,4096.0,4096.0,4096.0,4096.0,4096.0,4096.0,4096.0,4096.0,4096.0,4096.0,4096.0,4096.0,4096.0,4096.0,4096.0,4096.0,4096.0,4096.0,16384.0,81920.0,262144.0,4096.0,4096.0,4096.0,4096.0,8192.0,16384.0,32768.0,45056.0,57344.0,65536.0,77824.0,86016.0,98304.0,110592.0,126976.0,147456.0,176128.0,212992.0,262144.0,266240.0,524288.0,-32824864768.0,-376832.0,-262144.0,-249856.0,-196608.0,-163840.0,-139264.0,-118784.0,-102400.0,-90112.0,-81920.0,-69632.0,-57344.0,-45056.0,-28672.0,-12288.0,-4096.0,-4096.0,4096.0,163133440.0,51413667840.0,1.0,1.0,2.0,2.0,2.0,2.0,2.0,2.0,2.0,2.0,2.0,2.0,2.0,2.0,2.0,2.0,2.0,2.0,2.0,2.0,5754982.0,nan,nan,nan,nan,nan,nan,nan,nan,nan,nan,nan,nan,nan,nan,nan,nan,nan,nan,nan,nan,nan,nan,nan,nan,nan,nan,nan,nan,nan,nan,nan,nan,nan,nan,nan,nan,nan,nan,nan,nan,nan,nan
w99,28194761,26278432,1916329,0.06796755610022727,20480,16384,4096,0.2,518527477,482289562,36237915,0.0698862000711295,1201925,901032,300893,0.25034257545187927,7229440,13,93,5534126592,4339823104,1194303488,18177310720,17831153664,556748800,0.03062877719240528,1.2440659041258703e-08,6.220329520629351e-08,1.3684724945384574e-07,1.9905054466013924e-07,1.9905054466013924e-07,1.9905054466013924e-07,1.9905054466013924e-07,1.9905054466013924e-07,1.9905054466013924e-07,1.9905054466013924e-07,1.9905054466013924e-07,1.9905054466013924e-07,1.9905054466013924e-07,1.9905054466013924e-07,1.9905054466013924e-07,1.9905054466013924e-07,1.9905054466013924e-07,3.981010893202785e-07,3.981010893202785e-07,3.981010893202785e-07,1.3211979901816744e-05,2.7595406634184113e-08,2.2076325307347293e-07,4.6912191278112993e-07,1.1866024852699168e-06,2.4835865970765703e-06,3.5322120491755664e-06,3.5322120491755664e-06,3.5322120491755664e-06,3.5322120491755664e-06,3.5322120491755664e-06,3.5322120491755664e-06,3.5322120491755664e-06,3.8357615221515915e-06,4.663623721177115e-06,5.436295106934271e-06,5.988203239617953e-06,7.064424098351133e-06,8.913316342841468e-06,1.3438963030847663e-05,2.6491590368816748e-05,0.0028566764947707394,4096.0,17408.0,46080.0,65536.0,65536.0,65536.0,65536.0,65536.0,65536.0,65536.0,65536.0,65536.0,65536.0,65536.0,65536.0,65536.0,65536.0,131072.0,131072.0,131072.0,524288.0,512.0,512.0,4096.0,4096.0,4096.0,4096.0,4096.0,4096.0,4096.0,4096.0,4096.0,4096.0,8192.0,8192.0,8192.0,9728.0,20480.0,262144.0,393216.0,524288.0,524288.0,-2849734656.0,-196608.0,-131072.0,-131072.0,-131072.0,-65536.0,-65536.0,-65536.0,-65536.0,-65536.0,-65536.0,-65536.0,-65536.0,-65536.0,-65536.0,-65536.0,-65536.0,-40960.0,-8192.0,0.0,20592594944.0,1.0,2.0,4.0,5.0,8.0,12.0,16.0,16.0,16.0,16.0,16.0,16.0,16.0,16.0,16.0,16.0,16.0,16.0,17.0,32.0,2440656.0,nan,nan,nan,nan,nan,nan,nan,nan,nan,nan,nan,nan,nan,nan,nan,nan,nan,nan,nan,nan,nan,nan,nan,nan,nan,nan,nan,nan,nan,nan,nan,nan,nan,nan,nan,nan,nan,nan,nan,nan,nan,nan
w45,40592513,136694,40455819,0.9966325317183491,12288,4096,8192,0.6666666666666666,1339218189,1376858,1337841331,0.9989718941907232,1428049,14384,1413665,0.9899275164927814,16508780544,0,0,0,0,0,1433460736,221032448,1413140480,0.9858243372213301,7.262913096339637e-07,7.262913096339637e-07,7.262913096339637e-07,7.262913096339637e-07,7.262913096339637e-07,7.262913096339637e-07,7.262913096339637e-07,7.262913096339637e-07,7.262913096339637e-07,7.262913096339637e-07,7.262913096339637e-07,7.262913096339637e-07,7.262913096339637e-07,7.262913096339637e-07,7.262913096339637e-07,7.262913096339637e-07,7.262913096339637e-07,1.4525826192679273e-06,9.441787025241529e-06,4.6482643816573675e-05,0.0029777943694992513,1.494945591571053e-09,1.494945591571053e-09,1.494945591571053e-09,2.989891183142106e-09,3.737363978927633e-09,4.484836774713159e-09,5.232309570498686e-09,6.727255162069739e-09,8.969673549426318e-09,1.0464619140997371e-08,1.1959564732568425e-08,1.3454510324139478e-08,1.5696928711496057e-08,1.8686819894638163e-08,2.3171656669351323e-08,2.9151439035635535e-08,1.0090882743104608e-07,1.3230268485403818e-07,3.856959626253317e-07,4.5446345983760013e-07,0.0009587497188782845,4096.0,4096.0,4096.0,4096.0,4096.0,4096.0,4096.0,4096.0,4096.0,4096.0,4096.0,8192.0,12288.0,16384.0,32768.0,57344.0,81920.0,131072.0,131072.0,131072.0,262144.0,4096.0,4096.0,4096.0,4096.0,8192.0,8192.0,8192.0,12288.0,12288.0,12288.0,12288.0,12288.0,12288.0,16384.0,36864.0,225280.0,503808.0,524288.0,524288.0,524288.0,524288.0,-27440221306.879997,-113139712.0,-524288.0,-524288.0,-524288.0,-524288.0,-339968.0,-139264.0,-24576.0,-12288.0,-12288.0,-12288.0,-12288.0,-8192.0,-8192.0,4096.0,151552.0,16748544.0,58703872.0,939520000.0,60581806080.0,1.0,1.0,1.0,2.0,4.0,6.0,11.0,31.0,67.0,122.0,212.0,469.0,1407.7999999999993,4344.400000000009,56888.39999999989,110759.0,138872.00000000003,225510.7999999999,333220.4,523086.1999999987,3344076.0,nan,nan,nan,nan,nan,nan,nan,nan,nan,nan,nan,nan,nan,nan,nan,nan,nan,nan,nan,nan,nan,nan,nan,nan,nan,nan,nan,nan,nan,nan,nan,nan,nan,nan,nan,nan,nan,nan,nan,nan,nan,nan
w90,49617107,46392713,3224394,0.06498553009146624,5632,4096,1536,0.2727272727272727,1355033561,1271607765,83425796,0.06156732822058863,723617,296686,426931,0.5899958127020233,2322432,8,1,1696169472,669801472,1026368000,14353141760,13753966592,2675183616,0.18638313901805983,7.864060188402515e-10,1.572812037680503e-09,1.100968426376352e-08,1.2582496301444023e-08,1.2582496301444023e-08,1.2582496301444023e-08,1.2582496301444023e-08,2.5164992602888046e-08,2.5164992602888046e-08,1.0065997041155219e-07,2.139024371245484e-07,2.139024371245484e-07,2.264849334259924e-07,2.264849334259924e-07,4.1522237794765276e-07,4.1522237794765276e-07,5.552026493012175e-07,6.165423187707571e-07,6.291248150722011e-07,8.084253873677785e-07,1.435505546790995e-05,2.3973400265788295e-08,4.794680053157659e-08,5.993350066447073e-08,8.390690093025904e-08,1.798005019934122e-07,1.9178720212630636e-07,1.9178720212630636e-07,1.9178720212630636e-07,1.9178720212630636e-07,1.9178720212630636e-07,1.9178720212630636e-07,1.9178720212630636e-07,3.8357440425261273e-07,3.8357440425261273e-07,3.8357440425261273e-07,3.8357440425261273e-07,5.75361606378919e-07,3.068595234020902e-06,3.080581934153796e-06,9.205785702062704e-06,0.001616262672519181,8192.0,53248.0,65536.0,65536.0,65536.0,65536.0,65536.0,65536.0,65536.0,65536.0,65536.0,65536.0,65536.0,65536.0,65536.0,131072.0,131072.0,131072.0,196608.0,262144.0,1052672.0,2048.0,4096.0,4096.0,4096.0,4096.0,4096.0,4096.0,8192.0,8192.0,12288.0,16384.0,20480.0,65536.0,65536.0,65536.0,73728.0,73728.0,151552.0,258048.0,1048576.0,1052672.0,-1724698624.0,-524288.0,-196608.0,-131072.0,-131072.0,-131072.0,-65536.0,-65536.0,-65536.0,-65536.0,-65536.0,-65536.0,-65536.0,-65536.0,-65536.0,-65536.0,-65536.0,-65536.0,-32768.0,65536.0,53573701632.0,1.0,1.0,2.0,2.0,2.0,2.0,2.0,4.0,4.0,7.0,10.0,14.0,16.0,16.0,16.0,16.0,16.0,16.0,16.0,32.0,3503786.0,nan,nan,nan,nan,nan,nan,nan,nan,nan,nan,nan,nan,nan,nan,nan,nan,nan,nan,nan,nan,nan,nan,nan,nan,nan,nan,nan,nan,nan,nan,nan,nan,nan,nan,nan,nan,nan,nan,nan,nan,nan,nan
w91,22690917,17028898,5662019,0.24952799395458544,8192,4096,4096,0.5,237316761,173441682,63875079,0.2691553631983036,1002463,809150,193313,0.19283803990770731,7161933824,0,16,93180669952,69658897920,23521772032,14245642240,13604278272,2582016000,0.18124953276939798,1.7296880227441522e-08,4.612501393984406e-08,9.801565462216862e-08,9.801565462216862e-08,9.801565462216862e-08,9.801565462216862e-08,9.801565462216862e-08,9.801565462216862e-08,9.801565462216862e-08,9.801565462216862e-08,9.801565462216862e-08,9.801565462216862e-08,9.801565462216862e-08,9.801565462216862e-08,9.801565462216862e-08,9.801565462216862e-08,1.1531253484961014e-07,1.9603130924433724e-07,3.6323448477627194e-07,6.861095823551803e-07,3.9350402517429463e-05,6.262223174706366e-08,2.661444849250206e-07,2.661444849250206e-07,2.661444849250206e-07,2.661444849250206e-07,5.322889698500412e-07,5.322889698500412e-07,7.984334547750618e-07,7.984334547750619e-07,7.984334547750619e-07,7.984334547750618e-07,1.0645779397000823e-06,1.330722424625103e-06,1.330722424625103e-06,1.330722424625103e-06,1.330722424625103e-06,1.5968669095501236e-06,1.8630113944751442e-06,2.3953003643251855e-06,2.9275893341752268e-06,0.005307234140563646,4096.0,4096.0,4096.0,4096.0,4096.0,16384.0,32768.0,32768.0,32768.0,32768.0,32768.0,32768.0,36864.0,53248.0,65536.0,65536.0,65536.0,65536.0,65536.0,69632.0,69632.0,1024.0,2560.0,4096.0,4096.0,4096.0,5632.0,16384.0,16384.0,20480.0,65536.0,65536.0,65536.0,65536.0,65536.0,65536.0,65536.0,65536.0,65536.0,65536.0,65536.0,69632.0,-31864221696.0,-69632.0,-65536.0,-65536.0,-65536.0,-65536.0,-65536.0,-65536.0,-65536.0,-45056.0,-32768.0,-32768.0,-32768.0,-32768.0,-16384.0,-8192.0,-4096.0,-4096.0,0.0,319488.0,260301392896.0,1.0,1.0,1.0,1.0,1.0,1.0,1.0,2.0,2.0,2.0,3.0,8.0,16.0,16.0,16.0,16.0,16.0,16.0,16.0,212.0,781113.0,nan,nan,nan,nan,nan,nan,nan,nan,nan,nan,nan,nan,nan,nan,nan,nan,nan,nan,nan,nan,nan,nan,nan,nan,nan,nan,nan,nan,nan,nan,nan,nan,nan,nan,nan,nan,nan,nan,nan,nan,nan,nan
w92,39557233,37583636,1973597,0.04989219038652173,8192,4096,4096,0.5,577406551,567915466,9491085,0.016437439068819986,2118563,2001364,117199,0.055320044766192934,6834974720,1,5,166420785152,158502763008,7918022144,23329832960,23269748736,467501056,0.020038765678329143,3.5216508789355634e-08,6.338971582084013e-08,1.1621447900487359e-07,1.4967016235476143e-07,1.7960419482571372e-07,1.7960419482571372e-07,1.7960419482571372e-07,1.7960419482571372e-07,1.7960419482571372e-07,1.7960419482571372e-07,1.7960419482571372e-07,1.7960419482571372e-07,1.7960419482571372e-07,1.7960419482571372e-07,1.7960419482571372e-07,1.7960419482571372e-07,1.7960419482571372e-07,1.7960419482571372e-07,1.7960419482571372e-07,3.169485791042007e-07,7.147190458799726e-06,3.1608609553070065e-07,8.428962547485351e-07,1.6857925094970701e-06,1.7911545413406371e-06,1.7911545413406371e-06,1.8965165731842039e-06,3.0554989234634395e-06,3.476947050837707e-06,3.5823090826812742e-06,3.5823090826812742e-06,3.7930331463684078e-06,5.373463624021911e-06,5.373463624021911e-06,5.373463624021911e-06,5.373463624021911e-06,5.373463624021911e-06,5.373463624021911e-06,5.373463624021911e-06,5.373463624021911e-06,1.0746927248043821e-05,0.031189479390396357,1024.0,4096.0,24576.0,45056.0,65536.0,65536.0,65536.0,65536.0,65536.0,65536.0,65536.0,65536.0,65536.0,65536.0,65536.0,65536.0,65536.0,65536.0,65536.0,65536.0,69632.0,512.0,4096.0,4096.0,4096.0,4096.0,4096.0,4096.0,4096.0,4096.0,4096.0,8192.0,12288.0,16384.0,16384.0,16384.0,16384.0,16384.0,18432.0,65536.0,65536.0,69632.0,-2890699827.2000003,-65536.0,-65536.0,-65536.0,-65536.0,-65536.0,-65536.0,-65536.0,-65536.0,-65536.0,-65536.0,-65536.0,-65536.0,-65536.0,-65536.0,-61440.0,-36864.0,-16384.0,-4096.0,0.0,37521615872.0,1.0,1.0,1.0,1.0,2.0,2.0,3.0,5.0,9.0,15.0,16.0,16.0,16.0,16.0,16.0,16.0,16.0,16.0,16.0,16.0,526923.0,nan,nan,nan,nan,nan,nan,nan,nan,nan,nan,nan,nan,nan,nan,nan,nan,nan,nan,nan,nan,nan,nan,nan,nan,nan,nan,nan,nan,nan,nan,nan,nan,nan,nan,nan,nan,nan,nan,nan,nan,nan,nan
w93,33679317,30620579,3058738,0.09081947831661788,4608,4096,512,0.1111111111111111,1525721759,951611411,574110348,0.3762877107922271,1539346,1472931,66415,0.043144945970561524,2813952,3,3,6543143936,5942471680,600672256,25608552448,23728414720,3969187840,0.15499461939755166,5.25424552732691e-09,2.4169529425703787e-08,3.362717137489222e-08,3.362717137489222e-08,4.938990795687296e-08,8.406792843723056e-08,1.1033915607386511e-07,1.345086854995689e-07,1.6813585687446112e-07,1.6813585687446112e-07,1.6813585687446112e-07,1.6813585687446112e-07,1.6813585687446112e-07,1.6813585687446112e-07,1.6813585687446112e-07,1.691867059799265e-07,2.269834067805225e-07,2.690173709991378e-07,3.100004861122877e-07,3.3627171374892223e-07,2.4896717006685832e-05,1.741825423428877e-09,8.36076203245861e-08,2.2992095589261177e-07,4.476491338212214e-07,4.476491338212214e-07,4.476491338212214e-07,4.476491338212214e-07,4.476491338212214e-07,4.476491338212214e-07,8.918146167955851e-07,8.952982676424428e-07,8.952982676424428e-07,8.952982676424428e-07,8.952982676424428e-07,8.952982676424428e-07,1.3429474014636643e-06,1.7905965352848856e-06,1.902073362384334e-06,2.238245669106107e-06,2.6737020249633264e-06,4.5675888078575446e-05,4096.0,5632.0,32768.0,50176.0,65536.0,69632.0,106496.0,131072.0,131072.0,131072.0,131072.0,131072.0,131072.0,131072.0,131072.0,131072.0,131072.0,131072.0,131072.0,131072.0,1052672.0,3072.0,4096.0,4096.0,12288.0,65536.0,262144.0,814080.0,1048576.0,1052672.0,1052672.0,1052672.0,1052672.0,1052672.0,1052672.0,1052672.0,1052672.0,1052672.0,1052672.0,1052672.0,1052672.0,1052672.0,-1316035584.0,-1052672.0,-770048.0,-131072.0,-131072.0,-131072.0,-131072.0,-131072.0,-131072.0,-131072.0,-131072.0,-131072.0,-131072.0,-131072.0,-110592.0,-71680.0,-65536.0,-45056.0,-24064.0,0.0,40333897728.0,1.0,2.0,2.0,4.0,5.0,7.0,8.0,12.0,16.0,16.0,18.0,27.0,32.0,32.0,32.0,32.0,32.0,32.0,32.0,32.0,29988737.0,nan,nan,nan,nan,nan,nan,nan,nan,nan,nan,nan,nan,nan,nan,nan,nan,nan,nan,nan,nan,nan,nan,nan,nan,nan,nan,nan,nan,nan,nan,nan,nan,nan,nan,nan,nan,nan,nan,nan,nan,nan,nan
w53,185765395,162199585,23565810,0.12685791129182053,69632,65536,4096,0.058823529411764705,10919419629,9558470297,1360949332,0.12463568378538775,4005237,2331421,1673816,0.41790685544950273,86028288,3,7,21573657600,1056117760,20517539840,448284884992,439819919360,36064878592,0.08045080215596295,8.369540053402543e-10,2.92933901869089e-09,3.347816021361017e-09,6.695632042722033e-09,6.695632042722033e-09,6.695632042722034e-09,6.695632042722034e-09,6.695632042722034e-09,6.695632042722034e-09,6.695632042722034e-09,6.695632042722034e-09,6.695632042722034e-09,6.695632042722034e-09,7.532586048062288e-09,1.0043448064083052e-08,1.3391264085444068e-08,1.3391264085444067e-08,1.4228218090784323e-08,2.0086896128166103e-08,2.0086896128166103e-08,2.360210295059517e-07,5.878249698130569e-09,1.1756499396261139e-08,2.3512998792522277e-08,2.9391248490652842e-08,4.7025997585044554e-08,5.290424728317512e-08,6.098684061810466e-08,7.053899637756683e-08,7.053899637756683e-08,7.053899637756683e-08,7.053899637756683e-08,7.053899637756683e-08,7.862158971249637e-08,8.449983941062693e-08,1.013998072927523e-07,1.2932149335887252e-07,1.4107799275513367e-07,1.741431473071181e-07,1.9765614609964038e-07,2.6819514247720723e-07,0.0002085713210078566,32768.0,32768.0,65536.0,131072.0,131072.0,131072.0,258048.0,262144.0,262144.0,262144.0,262144.0,262144.0,262144.0,262144.0,262144.0,262144.0,262144.0,262144.0,524288.0,524288.0,1052672.0,512.0,512.0,4096.0,6144.0,32768.0,32768.0,45568.0,65536.0,75776.0,131072.0,176128.0,262144.0,262144.0,360448.0,393216.0,393216.0,393216.0,393216.0,393216.0,704512.0,1052672.0,-182132736.0,-524288.0,-524288.0,-262144.0,-262144.0,-262144.0,-262144.0,-262144.0,-262144.0,-262144.0,-262144.0,-262144.0,-262144.0,-262144.0,-176128.0,-131072.0,-131072.0,-73728.0,-32768.0,-32768.0,1601690755072.0,2.0,4.0,8.0,8.0,8.0,11.0,16.0,32.0,32.0,33.0,64.0,64.0,64.0,64.0,64.0,64.0,64.0,64.0,95.0,231.0,6929561.0,nan,nan,nan,nan,nan,nan,nan,nan,nan,nan,nan,nan,nan,nan,nan,nan,nan,nan,nan,nan,nan,nan,nan,nan,nan,nan,nan,nan,nan,nan,nan,nan,nan,nan,nan,nan,nan,nan,nan,nan,nan,nan
w01,571861922,470632889,101229033,0.17701656484832365,69632,4096,65536,0.9411764705882353,24603006558,21618541865,2984464693,0.12130487735164876,13338215,13207730,130485,0.00978279327481226,2291900416,1,1,2898288626176,2477030082048,421258544128,858266484736,852271951872,85105610752,0.09915989062322317,9.251317746077784e-11,1.8502635492155567e-10,1.8502635492155567e-10,1.8502635492155567e-10,1.8502635492155567e-10,1.8502635492155567e-10,1.8502635492155567e-10,3.7005270984311135e-10,3.7005270984311135e-10,3.7005270984311135e-10,3.7005270984311135e-10,5.55079064764667e-10,5.7820735912986146e-09,1.0824041762911006e-08,1.1887943303709952e-08,1.1887943303709952e-08,1.1887943303709952e-08,1.1887943303709952e-08,1.1887943303709952e-08,1.1887943303709952e-08,1.8979078356078572e-07,6.701369276342784e-10,1.3402738552685569e-09,2.0104107829028353e-09,3.350684638171392e-09,4.690958493439949e-09,5.3610954210742275e-09,5.696163884891367e-09,7.706574667794202e-09,1.1057259305965594e-08,1.4072875480319846e-08,1.742356011849124e-08,2.1109313220479772e-08,2.3789860931016884e-08,2.8480819424456833e-08,3.484712023698248e-08,4.154848951332526e-08,4.8919995717302326e-08,5.964218655945078e-08,8.209177363519911e-08,8.644766366482192e-08,0.00015803370068549844,1024.0,1024.0,1536.0,1536.0,1536.0,1536.0,1536.0,2048.0,2048.0,2560.0,4096.0,4096.0,4096.0,4096.0,4096.0,4096.0,98304.0,1048576.0,1048576.0,1048576.0,1052672.0,1536.0,4096.0,4096.0,4096.0,4096.0,4096.0,4096.0,4096.0,4096.0,4096.0,8192.0,8192.0,16384.0,65536.0,131072.0,196608.0,262144.0,262144.0,262144.0,536576.0,1052672.0,-758817601433.6,-198081286144.0,-122586624.0,-1048576.0,-1048576.0,-778240.0,-262144.0,-38400.0,-4096.0,-4096.0,-4096.0,-3072.0,-2048.0,-1536.0,-1536.0,0.0,2560.0,10752.0,151400448.0,199033339904.0,1188170530304.0,1.0,1.0,1.0,1.0,1.0,1.0,1.0,1.0,1.0,1.0,1.0,1.0,1.0,1.0,1.0,2.0,2.0,2.0,2.0,8.0,8721535.0,nan,nan,nan,nan,nan,nan,nan,nan,nan,nan,nan,nan,nan,nan,nan,nan,nan,nan,nan,nan,nan,nan,nan,nan,nan,nan,nan,nan,nan,nan,nan,nan,nan,nan,nan,nan,nan,nan,nan,nan,nan,nan
w94,105105426,99545333,5560093,0.052900151891301976,16384,8192,8192,0.5,12854509060,12605145791,249363269,0.019398894803066093,785698,776312,9386,0.011946065791181853,28672,7,1,875520,559104,316416,14860320768,14852489216,11288875008,0.759665634695403,1.9198508610093712e-08,3.8714347941015415e-08,6.568745921139501e-08,1.124937405335243e-07,1.6786795131800948e-07,2.335554105294045e-07,2.6401915972889205e-07,2.65447147972618e-07,2.7147643166834993e-07,2.7671238856201184e-07,2.8797762915140565e-07,3.0178151550742343e-07,3.125707600155753e-07,3.249466581278671e-07,3.387505444838849e-07,3.4128919025050886e-07,3.4271717849423485e-07,3.4414516673796084e-07,3.452558242608588e-07,3.939660899079561e-07,1.118590790918683e-06,4.8122564514503535e-08,6.416341935267138e-08,1.04265556448091e-07,1.2832683870534276e-07,1.363472661244267e-07,2.2457196773434985e-07,2.566536774106855e-07,2.726945322488534e-07,3.2883752418244083e-07,3.849805161160283e-07,4.4112350804961574e-07,5.13307354821371e-07,5.13307354821371e-07,5.13307354821371e-07,5.13307354821371e-07,5.13307354821371e-07,5.13307354821371e-07,5.13307354821371e-07,5.13307354821371e-07,5.13307354821371e-07,1.909663768483882e-05,8192.0,57344.0,65536.0,65536.0,65536.0,65536.0,131072.0,147456.0,262144.0,442368.0,524288.0,524288.0,524288.0,524288.0,1048576.0,1048576.0,1048576.0,1048576.0,1048576.0,1048576.0,1048576.0,8192.0,8192.0,24576.0,65536.0,65536.0,65536.0,114688.0,131072.0,196608.0,245760.0,262144.0,262144.0,262144.0,262144.0,262144.0,262144.0,262144.0,262144.0,262144.0,262144.0,262144.0,-1048576.0,-1048576.0,-1048576.0,-1048576.0,-1048576.0,-1048576.0,-1048576.0,-524288.0,-524288.0,-524288.0,-524288.0,-319488.0,-262144.0,-131072.0,-131072.0,-65536.0,-65536.0,-65536.0,-65536.0,-8192.0,21388050432.0,2.0,2.0,2.0,2.0,2.0,2.0,2.0,2.0,2.0,2.0,2.0,2.0,2.0,2.0,2.0,6.0,16.0,16.0,32.0,256.0,10103360.0,nan,nan,nan,nan,nan,nan,nan,nan,nan,nan,nan,nan,nan,nan,nan,nan,nan,nan,nan,nan,nan,nan,nan,nan,nan,nan,nan,nan,nan,nan,nan,nan,nan,nan,nan,nan,nan,nan,nan,nan,nan,nan
w95,15755730,8103986,7651744,0.4856483323844722,3382718948864,1970421627392,1412297321472,0.4175035948364212,827107156,481845008,345262148,0.41743339480912434,1143028,586460,556568,0.4869242048313777,22524432384,5499129,5484313,5111962112,3215525376,1896436736,4739309568,3970400256,1862426624,0.3929742502104475,2.0753561485480823e-09,8.30142459419233e-09,1.660284918838466e-08,1.660284918838466e-08,1.660284918838466e-08,1.660284918838466e-08,1.660284918838466e-08,1.660284918838466e-08,1.660284918838466e-08,1.660284918838466e-08,1.660284918838466e-08,2.0753561485480826e-08,3.320569837676932e-08,3.7356410673865484e-08,6.641139675353863e-08,9.961709513030796e-08,1.8263134107223127e-07,5.292158178797611e-07,2.71664119844944e-06,6.979422727567202e-06,0.00010830453596813023,2.8963499352381946e-09,1.1585399740952778e-08,1.4481749676190974e-08,6.661604851047848e-08,1.8826274579048267e-07,4.344524902857292e-07,5.560991875657334e-07,6.516787354285938e-07,7.44361933356216e-07,7.44361933356216e-07,7.44361933356216e-07,1.0455823266209883e-06,1.1788144236419453e-06,1.323631920403855e-06,1.8536639585524447e-06,2.7920813375696198e-06,2.9832404332953406e-06,3.5625104203429796e-06,4.4661716001372964e-06,6.140261862704973e-06,0.0012793554189438688,4096.0,4096.0,8192.0,13312.0,24576.0,32768.0,32768.0,32768.0,32768.0,40960.0,65536.0,65536.0,126976.0,204800.0,294912.0,409600.0,524288.0,618496.0,782336.0,1044480.0,1052672.0,512.0,512.0,4096.0,4096.0,8192.0,8192.0,8192.0,8192.0,8192.0,12288.0,20480.0,32768.0,57344.0,98304.0,159744.0,159744.0,245760.0,262144.0,1052672.0,1052672.0,1052672.0,-9834957701.119999,-113606656.0,-1052672.0,-958464.0,-618496.0,-434176.0,-262144.0,-172032.0,-159744.0,-98304.0,-65536.0,-36864.0,-32768.0,-32768.0,-20480.0,-8192.0,-8192.0,0.0,0.0,348180479.99998474,22401789952.0,1.0,1.0,1.0,2.0,2.0,4.0,4.0,4.0,5.0,6.0,8.0,8.0,8.0,8.0,8.0,9.0,11.0,16.0,28.0,239.0,5336774.0,nan,nan,nan,nan,nan,nan,nan,nan,nan,nan,nan,nan,nan,nan,nan,nan,nan,nan,nan,nan,nan,nan,nan,nan,nan,nan,nan,nan,nan,nan,nan,nan,nan,nan,nan,nan,nan,nan,nan,nan,nan,nan
w96,16431331,819770,15611561,0.9501093368516524,1368621415424,58133912064,1310487503360,0.9575237451286044,334136107,14192868,319943239,0.9575236925831544,14266,2042,12224,0.8568624702088883,24777699328,6049079,6049243,78848,75264,3584,8789028864,2158632960,7226322944,0.8221981126491839,1.409158459023222e-07,1.409158459023222e-07,1.409158459023222e-07,2.818316918046444e-07,4.2274753770696664e-07,8.454950754139333e-07,9.864109213162555e-07,1.1273267672185777e-06,1.1273267672185777e-06,1.1273267672185777e-06,1.1273267672185777e-06,1.1273267672185777e-06,1.1273267672185777e-06,1.1273267672185777e-06,1.1273267672185777e-06,1.1273267672185777e-06,1.1273267672185777e-06,1.8319059967301887e-06,9.018614137748622e-06,9.018614137748622e-06,1.8319059967301888e-05,6.2511088099598815e-09,1.2502217619919765e-08,2.5004435239839526e-08,5.000887047967905e-08,5.000887047967905e-08,5.000887047967905e-08,8.126441452947847e-08,1.0001774095935812e-07,1.0626884976931798e-07,1.4377550262907728e-07,1.750310466788767e-07,2.000354819187162e-07,2.1878880834859586e-07,2.9380211406811446e-07,4.5633094312707134e-07,7.93890818864905e-07,1.0189307360234607e-06,1.2189662179421768e-06,1.4752616791505318e-06,2.000354819187162e-06,3.996958973088348e-05,8192.0,8192.0,8192.0,8192.0,8192.0,8192.0,8192.0,8192.0,8192.0,8192.0,24576.0,49152.0,65536.0,65536.0,65536.0,65536.0,65536.0,65536.0,65536.0,524288.0,524288.0,8192.0,8192.0,8192.0,8192.0,8192.0,8192.0,8192.0,8192.0,16384.0,24576.0,32768.0,65536.0,65536.0,65536.0,114688.0,131072.0,196608.0,262144.0,262144.0,262144.0,262144.0,-11451334656.0,-3466629529.5999994,-8093696.0,-262144.0,-262144.0,-262144.0,-196608.0,-131072.0,-90112.0,-65536.0,-65536.0,-57344.0,-24576.0,-16384.0,-16384.0,-8192.0,-8192.0,-8192.0,5996544.0,3480301977.599991,24731860992.0,2.0,2.0,2.0,2.0,2.0,2.0,2.0,2.0,2.0,2.0,2.0,2.0,2.0,4.0,6.0,12.0,16.0,16.0,16.0,102.0,3290062.0,nan,nan,nan,nan,nan,nan,nan,nan,nan,nan,nan,nan,nan,nan,nan,nan,nan,nan,nan,nan,nan,nan,nan,nan,nan,nan,nan,nan,nan,nan,nan,nan,nan,nan,nan,nan,nan,nan,nan,nan,nan,nan
w87,26562672,10852430,15710242,0.5914405749542064,3138950754816,1144333388288,1994617366528,0.635440796090132,769258862,279577350,489681512,0.6365627179476029,2252852,165998,2086854,0.9263165090294435,220012802048,53693543,53714063,11933543936,815437312,11118106624,25085550592,18040639488,14550761472,0.5800455293431097,7.1536553300902235e-09,2.8614621320360894e-08,5.722924264072179e-08,8.584386396108268e-08,1.1445848528144358e-07,1.1445848528144358e-07,1.1445848528144358e-07,1.1445848528144358e-07,1.1445848528144358e-07,1.1445848528144358e-07,1.1445848528144358e-07,1.7168772792216536e-07,1.7168772792216536e-07,2.2891697056288715e-07,2.2891697056288715e-07,2.3607062589297738e-07,2.8614621320360896e-07,3.433754558443307e-07,3.862973878248721e-07,5.150631837664961e-07,3.9273567762195326e-05,8.168574679617474e-09,2.450572403885242e-08,3.26742987184699e-08,4.0842873398087366e-08,6.53485974369398e-08,9.802289615540968e-08,1.306971948738796e-07,1.306971948738796e-07,1.347814822136883e-07,1.6337149359234947e-07,1.9196150497101063e-07,2.001300796506281e-07,2.2872009102928925e-07,2.573101024079504e-07,2.654786770875679e-07,3.0223726314584654e-07,3.8800729728182997e-07,5.248309231654227e-07,5.575052218838926e-07,1.0496618463308453e-06,2.686031569025216e-05,4096.0,32768.0,65536.0,65536.0,65536.0,65536.0,65536.0,65536.0,65536.0,65536.0,65536.0,65536.0,65536.0,65536.0,81920.0,130560.0,131072.0,131072.0,131072.0,131072.0,1052672.0,512.0,1024.0,1024.0,8192.0,28672.0,61440.0,65536.0,65536.0,65536.0,65536.0,65536.0,65536.0,65536.0,65536.0,65536.0,65536.0,65536.0,122880.0,262144.0,1052672.0,1052672.0,-2902188032.0,-1052672.0,-262144.0,-131072.0,-131072.0,-81920.0,-65536.0,-65536.0,-65536.0,-65536.0,-65536.0,-65536.0,-65536.0,-65536.0,-65536.0,-65536.0,-61440.0,-32768.0,0.0,0.0,219892490240.0,1.0,2.0,4.0,6.0,8.0,13.0,16.0,16.0,16.0,16.0,16.0,18.0,32.0,32.0,32.0,33.0,256.0,256.0,512.0,1024.0,29806887.0,nan,nan,nan,nan,nan,nan,nan,nan,nan,nan,nan,nan,nan,nan,nan,nan,nan,nan,nan,nan,nan,nan,nan,nan,nan,nan,nan,nan,nan,nan,nan,nan,nan,nan,nan,nan,nan,nan,nan,nan,nan,nan
w88,17548422,7976550,9571872,0.5454548562828042,3761276241920,2166695234048,1594581007872,0.42394679500009874,919578666,529361348,390217318,0.42434359607033334,1216640,544549,672091,0.5524156693845345,53681819648,13105913,13101466,5317974016,1568847360,3749126656,3993616384,2222469120,2620723200,0.6562280770130173,1.889068787848107e-09,1.889068787848107e-09,5.6672063635443215e-09,1.322348151493675e-08,1.5112550302784857e-08,1.5112550302784857e-08,1.7001619090632965e-08,2.8336031817721607e-08,3.0225100605569715e-08,3.0225100605569715e-08,3.211416939341782e-08,4.533765090835458e-08,7.556275151392428e-08,1.2090040242227886e-07,1.5112550302784856e-07,5.308283293853181e-07,1.4715845857336757e-06,2.297107646023298e-06,3.03384447328406e-06,1.0902382695307759e-05,6.959140507553642e-05,5.125349152238292e-09,1.0250698304476584e-08,1.2813372880595728e-08,1.5376047456714874e-08,3.075209491342975e-08,5.894151525074036e-08,1.23008379653719e-07,1.6401117287162535e-07,2.511421084596763e-07,3.280223457432507e-07,4.1515328133130164e-07,5.842898033551653e-07,6.560446914865014e-07,6.688580643670971e-07,9.686909897730372e-07,1.4735378812685088e-06,1.8118109253162362e-06,1.983510121916219e-06,2.8548194777967285e-06,5.863399430160606e-06,0.0011324689592582358,4096.0,4096.0,16384.0,24576.0,32768.0,36864.0,45056.0,65536.0,65536.0,65536.0,90112.0,131072.0,188416.0,278528.0,389120.0,475136.0,573440.0,679936.0,798720.0,950272.0,1052672.0,512.0,1536.0,4096.0,4096.0,4096.0,4096.0,8192.0,8192.0,8192.0,8192.0,16384.0,32768.0,40960.0,98304.0,159744.0,159744.0,245760.0,262144.0,847872.0,1052672.0,1052672.0,-29476678041.6,-2584563712.0,-1052672.0,-933888.0,-671744.0,-465920.0,-278528.0,-245760.0,-159744.0,-131072.0,-90112.0,-65536.0,-45056.0,-32768.0,-20480.0,-8192.0,-8192.0,0.0,24576.0,3416457216.0,50563096576.0,1.0,1.0,1.0,2.0,3.0,4.0,4.0,5.0,7.0,8.0,8.0,8.0,9.0,13.0,16.0,16.0,31.0,70.0,235.0,2834.0,6740828.0,nan,nan,nan,nan,nan,nan,nan,nan,nan,nan,nan,nan,nan,nan,nan,nan,nan,nan,nan,nan,nan,nan,nan,nan,nan,nan,nan,nan,nan,nan,nan,nan,nan,nan,nan,nan,nan,nan,nan,nan,nan,nan
w89,14420479,5471813,8948666,0.6205526182590745,6566717421568,1520161344000,5046556077568,0.7685051378932313,1604570863,371441599,1233129264,0.768510317889276,930717,387556,543161,0.5835941537545785,91110297600,13326446,22243725,5604833280,1263445504,4341387776,10538057728,7131471872,5987061760,0.5681371192427767,2.6922132649983557e-09,2.6922132649983557e-09,2.6922132649983557e-09,5.384426529996711e-09,5.384426529996711e-09,1.6153279589990134e-08,2.1537706119986845e-08,2.1537706119986845e-08,2.4229919384985203e-08,4.307541223997369e-08,4.5767625504972045e-08,8.345861121494903e-08,8.615082447994738e-08,1.1038074386493259e-07,3.0152788567981586e-07,6.838221693095824e-07,6.865143825745808e-07,6.918988091045775e-07,6.918988091045775e-07,1.21149596924926e-06,7.185517204280612e-05,2.4328349732522444e-09,3.9736304563119994e-08,7.947260912623999e-08,2.051690827442726e-07,2.0841286270860892e-07,2.0841286270860895e-07,2.0841286270860892e-07,2.6031334213799017e-07,4.168257254172179e-07,4.168257254172179e-07,4.168257254172179e-07,4.168257254172179e-07,6.252385881258268e-07,6.252385881258268e-07,6.252385881258268e-07,6.252385881258268e-07,8.393280657720244e-07,1.2504771762516536e-06,1.6681138466599558e-06,2.277133534964101e-06,8.787075545390673e-05,2048.0,4096.0,4096.0,4096.0,4096.0,14848.0,32768.0,32768.0,32768.0,61440.0,65536.0,65536.0,65536.0,90112.0,131072.0,327680.0,946176.0,1048576.0,1052672.0,1052672.0,1052672.0,512.0,1024.0,4096.0,4096.0,8192.0,8192.0,16384.0,36864.0,57344.0,262144.0,917504.0,1052672.0,1052672.0,1052672.0,1052672.0,1052672.0,1052672.0,1052672.0,1052672.0,1052672.0,1052672.0,-13120180224.0,-28741632.0,-1052672.0,-1052672.0,-1052672.0,-1052672.0,-1052672.0,-1052672.0,-1048576.0,-786432.0,-262144.0,-110592.0,-65536.0,-57344.0,-32768.0,-20480.0,-8192.0,0.0,0.0,21299814.399993896,89983659520.0,1.0,1.0,1.0,1.0,1.0,2.0,2.0,3.0,4.0,5.0,7.0,8.0,8.0,8.0,9.0,12.0,16.0,19.0,32.0,110.0,61862457.0,nan,nan,nan,nan,nan,nan,nan,nan,nan,nan,nan,nan,nan,nan,nan,nan,nan,nan,nan,nan,nan,nan,nan,nan,nan,nan,nan,nan,nan,nan,nan,nan,nan,nan,nan,nan,nan,nan,nan,nan,nan,nan
w85,40842957,39318956,1524001,0.0373136793205252,2888763725824,2806994020864,81769704960,0.02830612425274613,707173277,686742520,20430757,0.028890736774828667,2367233,2159772,207461,0.08763860591669684,31876153344,7782264,7780876,7818016768,5903341056,1914675712,22787215360,22695624704,631238656,0.027701438987936085,1.0193048771758009e-08,4.0772195087032035e-08,1.3250963403285411e-07,1.6308878034812814e-07,1.6308878034812814e-07,1.6308878034812814e-07,1.6308878034812814e-07,1.6308878034812814e-07,1.6308878034812814e-07,1.6308878034812814e-07,1.6308878034812814e-07,1.6308878034812814e-07,1.6308878034812814e-07,1.6308878034812814e-07,1.6308878034812814e-07,1.6308878034812814e-07,1.6308878034812814e-07,1.6308878034812814e-07,3.261775606962563e-07,3.261775606962563e-07,4.3474809161372445e-05,4.894581243367536e-08,1.468374373010261e-07,1.9578324973470145e-07,2.4472906216837684e-07,2.4472906216837684e-07,2.936748746020522e-07,2.936748746020522e-07,3.915664994694029e-07,4.894581243367537e-07,6.362955616377797e-07,7.341871865051305e-07,7.831329989388058e-07,8.810246238061566e-07,1.5662659978776116e-06,2.4472906216837682e-06,3.5240984952246264e-06,5.237201930403264e-06,6.2650639915104465e-06,6.9503053655819015e-06,2.7311763337990853e-05,0.0049381919622459415,3072.0,15360.0,49152.0,65536.0,65536.0,65536.0,65536.0,65536.0,65536.0,65536.0,65536.0,65536.0,65536.0,65536.0,65536.0,65536.0,65536.0,65536.0,131072.0,131072.0,1052672.0,512.0,512.0,1536.0,3584.0,4096.0,4096.0,4096.0,4096.0,4096.0,4096.0,4096.0,8192.0,12288.0,16384.0,16384.0,17920.0,22528.0,60928.0,61440.0,262144.0,1052672.0,-5559832576.0,-131072.0,-131072.0,-79360.0,-65536.0,-65536.0,-65536.0,-65536.0,-65536.0,-65536.0,-65536.0,-65536.0,-65536.0,-65536.0,-65536.0,-65536.0,-65536.0,-45056.0,-8704.0,0.0,31854108160.0,1.0,2.0,3.0,5.0,8.0,13.0,16.0,16.0,16.0,16.0,16.0,16.0,16.0,16.0,16.0,16.0,16.0,16.0,17.0,32.0,1980517.0,nan,nan,nan,nan,nan,nan,nan,nan,nan,nan,nan,nan,nan,nan,nan,nan,nan,nan,nan,nan,nan,nan,nan,nan,nan,nan,nan,nan,nan,nan,nan,nan,nan,nan,nan,nan,nan,nan,nan,nan,nan,nan
w86,24389226,10854085,13535141,0.5549639418651497,1307184107008,443549688320,863634418688,0.6606830775083119,319704934,108844917,210860017,0.6595457078557317,2091075,1309907,781168,0.37357244479514123,536864018432,131070317,131070316,2327302656,2279091712,48210944,74048065536,43573489664,30728323072,0.41497806660541037,9.18738355048771e-09,9.18738355048771e-09,9.18738355048771e-09,9.18738355048771e-09,9.18738355048771e-09,1.837476710097542e-08,2.756215065146313e-08,5.512430130292626e-08,8.268645195438938e-08,1.1943598615634022e-07,1.3781075325731563e-07,1.4699813680780335e-07,1.4699813680780335e-07,1.4699813680780335e-07,1.4699813680780335e-07,1.4699813680780335e-07,1.4699813680780335e-07,1.4699813680780335e-07,1.4699813680780335e-07,1.4699813680780335e-07,5.5730668617258446e-05,7.58797245093649e-08,7.58797245093649e-08,7.58797245093649e-08,7.58797245093649e-08,7.58797245093649e-08,7.58797245093649e-08,7.58797245093649e-08,7.58797245093649e-08,7.58797245093649e-08,7.58797245093649e-08,7.58797245093649e-08,1.517594490187298e-07,1.517594490187298e-07,1.517594490187298e-07,1.517594490187298e-07,1.517594490187298e-07,1.517594490187298e-07,1.517594490187298e-07,2.2763917352809472e-07,3.793986225468245e-07,7.79616744505906e-05,2560.0,4096.0,4096.0,4096.0,4096.0,4096.0,8192.0,20480.0,32768.0,49152.0,61440.0,64000.0,65536.0,65536.0,65536.0,65536.0,65536.0,65536.0,65536.0,65536.0,65536.0,4096.0,65536.0,65536.0,65536.0,65536.0,65536.0,65536.0,65536.0,65536.0,65536.0,65536.0,65536.0,65536.0,65536.0,65536.0,65536.0,65536.0,65536.0,65536.0,65536.0,69632.0,-47169536.0,-65536.0,-65536.0,-65536.0,-65536.0,-65536.0,-65536.0,-65536.0,-65536.0,-65536.0,-65536.0,-65536.0,-65536.0,-65536.0,-65536.0,-53248.0,-21504.0,0.0,0.0,20480.0,533698109440.0,1.0,2.0,2.0,3.0,4.0,5.0,5.0,6.0,8.0,9.0,11.0,14.0,16.0,16.0,16.0,16.0,16.0,17.0,19.0,23.0,39059027.0,nan,nan,nan,nan,nan,nan,nan,nan,nan,nan,nan,nan,nan,nan,nan,nan,nan,nan,nan,nan,nan,nan,nan,nan,nan,nan,nan,nan,nan,nan,nan,nan,nan,nan,nan,nan,nan,nan,nan,nan,nan,nan
w80,22868218,15631941,7236277,0.3164337947101956,786861315584,524872737280,261988578304,0.3329539438719959,215246096,143918779,71327317,0.33137565942194835,938006,733573,204433,0.21794423489828424,10725216256,2618461,2618461,94786693632,64618581504,30168112128,2755649536,2619531264,1447534592,0.5252970572234625,1.3896727125512926e-08,2.7793454251025852e-08,6.948363562756463e-08,1.1117381700410341e-07,1.4591563481788571e-07,1.9455417975718096e-07,1.9455417975718096e-07,1.9455417975718096e-07,2.431927246964762e-07,3.1163410578987e-07,4.3774690445365714e-07,6.809396291501334e-07,8.268552639680191e-07,8.615970817818014e-07,1.007512716599687e-06,1.3132407133609715e-06,1.653710527936038e-06,1.7926777991911673e-06,2.9183126963577143e-06,7.302730104457042e-06,0.0001583532055952198,2.803974808136972e-08,7.009937020342431e-08,2.1029811061027292e-07,3.504968510171215e-07,4.766757173832853e-07,6.729539539528733e-07,8.832520645631463e-07,1.2477687896209526e-06,1.6683650108414988e-06,1.6683650108414985e-06,1.6683650108414985e-06,1.6683650108414985e-06,1.6683650108414988e-06,1.6683650108414988e-06,1.6683650108414983e-06,2.04690160993999e-06,3.336730021682997e-06,4.402240448775046e-06,8.313785306126122e-06,1.1061680618100355e-05,0.0041411343146413315,4096.0,4096.0,4096.0,4096.0,4096.0,4096.0,4096.0,8192.0,12288.0,20480.0,32768.0,32768.0,49152.0,65536.0,65536.0,65536.0,65536.0,65536.0,65536.0,65536.0,69632.0,1024.0,4096.0,4096.0,4096.0,4096.0,12288.0,16384.0,16384.0,19968.0,24576.0,32768.0,49152.0,49152.0,65536.0,65536.0,65536.0,65536.0,65536.0,65536.0,65536.0,69632.0,-5977674547.2,-48640000.0,-65536.0,-65536.0,-65536.0,-65536.0,-65536.0,-65536.0,-65024.0,-49152.0,-36864.0,-28672.0,-16384.0,-12288.0,-8192.0,-4096.0,-4096.0,-1024.0,8192.0,59392000.0,10697760768.0,1.0,1.0,1.0,1.0,1.0,1.0,2.0,2.0,2.0,2.0,3.0,4.0,6.0,10.0,16.0,25.0,50.0,98.0,244.0,867.0,158878.0,nan,nan,nan,nan,nan,nan,nan,nan,nan,nan,nan,nan,nan,nan,nan,nan,nan,nan,nan,nan,nan,nan,nan,nan,nan,nan,nan,nan,nan,nan,nan,nan,nan,nan,nan,nan,nan,nan,nan,nan,nan,nan
w81,38100871,33545318,4555553,0.11956558683395978,1959130202112,1850270005760,108860196352,0.05556557508768203,517691327,486654246,31037081,0.05995287033271083,1774311,1601461,172850,0.09741809637656533,26847309824,6554519,6554455,161333473280,143065785856,18267687424,19954368512,19909332992,624238592,0.03128330478735022,4.931632714039857e-08,6.575510285386475e-08,1.232908178509964e-07,1.7260714499139497e-07,2.0959439034669387e-07,2.095943903466939e-07,2.095943903466939e-07,2.095943903466939e-07,2.095943903466939e-07,2.0959439034669392e-07,2.095943903466939e-07,2.095943903466939e-07,2.0959439034669392e-07,2.0959439034669392e-07,2.095943903466939e-07,2.095943903466939e-07,2.095943903466939e-07,2.0959439034669392e-07,2.095943903466939e-07,3.6987245355298924e-07,4.81080771254588e-05,9.665857430342757e-08,1.9331714860685513e-07,2.899757229102827e-07,3.8663429721371026e-07,5.477319210527562e-07,7.410490696596113e-07,1.0954638421055124e-06,1.0954638421055124e-06,1.0954638421055124e-06,1.3210005154801768e-06,1.6431957631582687e-06,1.6431957631582687e-06,1.7398543374616962e-06,2.190927684211025e-06,2.4164643575856892e-06,3.2863915263165374e-06,5.3484411114563255e-06,9.021466934986574e-06,1.3371102778640814e-05,1.4982079017031274e-05,0.011332315690383383,1024.0,4096.0,14336.0,32768.0,45056.0,62464.0,65536.0,65536.0,65536.0,65536.0,65536.0,65536.0,65536.0,65536.0,65536.0,65536.0,65536.0,65536.0,65536.0,65536.0,69632.0,512.0,4096.0,4096.0,4096.0,4096.0,4096.0,4096.0,4096.0,4096.0,4096.0,12288.0,16384.0,16384.0,16384.0,24576.0,65536.0,65536.0,65536.0,65536.0,65536.0,69632.0,-9535644160.0,-65536.0,-65536.0,-65536.0,-65536.0,-65536.0,-65536.0,-65536.0,-65536.0,-65536.0,-65536.0,-65536.0,-65536.0,-65536.0,-56320.0,-32768.0,-16384.0,-4096.0,-1024.0,0.0,26751037440.0,1.0,1.0,1.0,1.0,2.0,2.0,2.0,4.0,5.0,8.0,13.0,16.0,16.0,16.0,16.0,16.0,16.0,16.0,16.0,17.0,348825.0,nan,nan,nan,nan,nan,nan,nan,nan,nan,nan,nan,nan,nan,nan,nan,nan,nan,nan,nan,nan,nan,nan,nan,nan,nan,nan,nan,nan,nan,nan,nan,nan,nan,nan,nan,nan,nan,nan,nan,nan,nan,nan
w82,28821909,15824237,12997672,0.45096499333198226,4338409034752,3899761551872,438647482880,0.1011079129160708,1088175867,967875171,120300696,0.11055262264881675,1228826,706421,522405,0.4251252821799018,8576192512,2093797,2093797,118759316480,64655148544,54104167936,939724800,797782016,274116608,0.2916988122480113,4.132764347976026e-09,1.7564248478898112e-08,8.162209587252652e-08,3.016917974022499e-07,4.74234708930249e-07,5.444917028458415e-07,6.323129452403321e-07,6.788065441550623e-07,6.788065441550623e-07,7.624950222015768e-07,1.2325969667838499e-06,1.2801237567855742e-06,1.3576130883101246e-06,2.538550500744274e-06,4.576003324296455e-06,6.8634883909011855e-06,1.0680096266257047e-05,1.6206635390587987e-05,1.9383697983094557e-05,2.0033575176813787e-05,5.362571698824992e-05,3.3250015444632176e-08,6.650003088926435e-08,1.2468755791737066e-07,1.4131256563968675e-07,1.8287508494547696e-07,2.992501390016896e-07,6.151252857256952e-07,1.0889380058117036e-06,1.8038133378712953e-06,2.8096263050714186e-06,4.098064403550916e-06,6.292565422896639e-06,7.94675369126709e-06,8.270941341852253e-06,8.578503984715101e-06,9.376504355386273e-06,1.0881067554255878e-05,1.7472883116154208e-05,3.2360577531488265e-05,0.00010301686035133163,0.004726306820369518,4096.0,4096.0,12288.0,28672.0,32768.0,32768.0,32768.0,32768.0,32768.0,51200.0,65536.0,65536.0,65536.0,65536.0,126976.0,253440.0,487424.0,917504.0,1048576.0,1048576.0,1048576.0,1024.0,4096.0,4096.0,4096.0,4096.0,4096.0,4096.0,8192.0,12288.0,16384.0,16384.0,28672.0,57344.0,65536.0,65536.0,65536.0,65536.0,65536.0,65536.0,65536.0,1048576.0,-3799986176.0,-1048576.0,-1048576.0,-461312.0,-139776.0,-65536.0,-65536.0,-65536.0,-65536.0,-65536.0,-61440.0,-32768.0,-32768.0,-32768.0,-16384.0,-12288.0,-4096.0,-4096.0,0.0,147456.0,8565686272.0,1.0,1.0,2.0,4.0,4.0,4.0,8.0,8.0,9.0,14.0,17.0,25.0,25.0,25.0,25.0,57.0,152.0,289.0,693.0,1839.0,717990.0,nan,nan,nan,nan,nan,nan,nan,nan,nan,nan,nan,nan,nan,nan,nan,nan,nan,nan,nan,nan,nan,nan,nan,nan,nan,nan,nan,nan,nan,nan,nan,nan,nan,nan,nan,nan,nan,nan,nan,nan,nan,nan
w83,16304540,9967949,6336591,0.38863966723378884,1781383256576,725040318976,1056342937600,0.5929902696123902,437098260,177306803,259791457,0.5943548185252442,1444007,487502,956505,0.6623963734247825,34940743680,8530443,8530455,8971216384,1208346112,7762870272,19436658688,18845474816,1324744704,0.06815701840861589,1.1279883039795151e-08,9.023906431836121e-08,1.8047812863672242e-07,1.8047812863672242e-07,1.8047812863672242e-07,1.8047812863672242e-07,1.8047812863672242e-07,1.8047812863672242e-07,1.8047812863672242e-07,1.8047812863672242e-07,1.8047812863672242e-07,1.8047812863672242e-07,1.8047812863672242e-07,1.8047812863672242e-07,1.8047812863672242e-07,1.8047812863672242e-07,1.8047812863672242e-07,1.8047812863672242e-07,1.8047812863672242e-07,3.6095625727344484e-07,4.365314736400723e-05,3.849241278168743e-09,1.539696511267497e-08,1.539696511267497e-08,2.69446889471812e-08,3.079393022534994e-08,5.38893778943624e-08,8.08340668415436e-08,1.1932647962323102e-07,1.424219272922435e-07,1.8476358135209965e-07,2.3865295924646205e-07,2.4635144180279953e-07,2.617484069154745e-07,3.1178854353166815e-07,4.3496426443306797e-07,6.697679824013613e-07,1.2817973456301914e-06,3.4797141154645438e-06,9.969534910457044e-06,2.6502026200191794e-05,0.0006396707648473599,4096.0,21504.0,65024.0,65536.0,65536.0,65536.0,65536.0,65536.0,65536.0,65536.0,65536.0,65536.0,65536.0,65536.0,65536.0,65536.0,65536.0,65536.0,65536.0,65536.0,1052672.0,512.0,512.0,512.0,512.0,512.0,3072.0,4096.0,4096.0,4096.0,8192.0,16384.0,27136.0,65536.0,65536.0,86016.0,233472.0,387072.0,393216.0,543232.0,1032192.0,1052672.0,-22431608125.440002,-62767513.599999905,-630272.0,-327680.0,-65536.0,-65536.0,-65536.0,-65536.0,-65536.0,-65536.0,-65536.0,-65536.0,-65536.0,-65536.0,-65536.0,-45056.0,-14336.0,0.0,0.0,136351744.0,34921414144.0,1.0,2.0,4.0,7.0,13.0,16.0,16.0,16.0,16.0,16.0,16.0,16.0,16.0,16.0,16.0,16.0,16.0,16.0,16.0,18.0,7535487.0,nan,nan,nan,nan,nan,nan,nan,nan,nan,nan,nan,nan,nan,nan,nan,nan,nan,nan,nan,nan,nan,nan,nan,nan,nan,nan,nan,nan,nan,nan,nan,nan,nan,nan,nan,nan,nan,nan,nan,nan,nan,nan
